subject,trial,kind,stress_level
1,1,Relax,0
1,1,Relax,0
1,1,Relax,0
1,1,Relax,0
1,1,Relax,0
1,1,Relax,0
1,1,Relax,0
1,1,Relax,0
1,1,Relax,0
1,1,Relax,0
1,1,Relax,0
1,1,Relax,0
1,1,Relax,0
1,1,Relax,0
1,1,Relax,0
1,1,Relax,0
1,1,Relax,0
1,1,Relax,0
1,1,Relax,0
1,1,Relax,0
1,1,Relax,0
1,1,Relax,0
1,1,Relax,0
1,1,Relax,0
1,1,Mirror,3
1,1,Mirror,3
1,1,Mirror,3
1,1,Mirror,3
1,1,Mirror,3
1,1,Mirror,3
1,1,Mirror,3
1,1,Mirror,3
1,1,Mirror,3
1,1,Mirror,3
1,1,Mirror,3
1,1,Mirror,3
1,1,Mirror,3
1,1,Mirror,3
1,1,Mirror,3
1,1,Mirror,3
1,1,Mirror,3
1,1,Mirror,3
1,1,Mirror,3
1,1,Mirror,3
1,1,Mirror,3
1,1,Mirror,3
1,1,Mirror,3
1,1,Mirror,3
1,1,Arithmetic,6
1,1,Arithmetic,6
1,1,Arithmetic,6
1,1,Arithmetic,6
1,1,Arithmetic,6
1,1,Arithmetic,6
1,1,Arithmetic,6
1,1,Arithmetic,6
1,1,Arithmetic,6
1,1,Arithmetic,6
1,1,Arithmetic,6
1,1,Arithmetic,6
1,1,Arithmetic,6
1,1,Arithmetic,6
1,1,Arithmetic,6
1,1,Arithmetic,6
1,1,Arithmetic,6
1,1,Arithmetic,6
1,1,Arithmetic,6
1,1,Arithmetic,6
1,1,Arithmetic,6
1,1,Arithmetic,6
1,1,Arithmetic,6
1,1,Arithmetic,6
1,1,Stroop,3
1,1,Stroop,3
1,1,Stroop,3
1,1,Stroop,3
1,1,Stroop,3
1,1,Stroop,3
1,1,Stroop,3
1,1,Stroop,3
1,1,Stroop,3
1,1,Stroop,3
1,1,Stroop,3
1,1,Stroop,3
1,1,Stroop,3
1,1,Stroop,3
1,1,Stroop,3
1,1,Stroop,3
1,1,Stroop,3
1,1,Stroop,3
1,1,Stroop,3
1,1,Stroop,3
1,1,Stroop,3
1,1,Stroop,3
1,1,Stroop,3
1,1,Stroop,3
1,2,Mirror,5
1,2,Mirror,5
1,2,Mirror,5
1,2,Mirror,5
1,2,Mirror,5
1,2,Mirror,5
1,2,Mirror,5
1,2,Mirror,5
1,2,Mirror,5
1,2,Mirror,5
1,2,Mirror,5
1,2,Mirror,5
1,2,Mirror,5
1,2,Mirror,5
1,2,Mirror,5
1,2,Mirror,5
1,2,Mirror,5
1,2,Mirror,5
1,2,Mirror,5
1,2,Mirror,5
1,2,Mirror,5
1,2,Mirror,5
1,2,Mirror,5
1,2,Mirror,5
1,2,Relax,0
1,2,Relax,0
1,2,Relax,0
1,2,Relax,0
1,2,Relax,0
1,2,Relax,0
1,2,Relax,0
1,2,Relax,0
1,2,Relax,0
1,2,Relax,0
1,2,Relax,0
1,2,Relax,0
1,2,Relax,0
1,2,Relax,0
1,2,Relax,0
1,2,Relax,0
1,2,Relax,0
1,2,Relax,0
1,2,Relax,0
1,2,Relax,0
1,2,Relax,0
1,2,Relax,0
1,2,Relax,0
1,2,Relax,0
1,2,Arithmetic,7
1,2,Arithmetic,7
1,2,Arithmetic,7
1,2,Arithmetic,7
1,2,Arithmetic,7
1,2,Arithmetic,7
1,2,Arithmetic,7
1,2,Arithmetic,7
1,2,Arithmetic,7
1,2,Arithmetic,7
1,2,Arithmetic,7
1,2,Arithmetic,7
1,2,Arithmetic,7
1,2,Arithmetic,7
1,2,Arithmetic,7
1,2,Arithmetic,7
1,2,Arithmetic,7
1,2,Arithmetic,7
1,2,Arithmetic,7
1,2,Arithmetic,7
1,2,Arithmetic,7
1,2,Arithmetic,7
1,2,Arithmetic,7
1,2,Arithmetic,7
1,2,Stroop,2
1,2,Stroop,2
1,2,Stroop,2
1,2,Stroop,2
1,2,Stroop,2
1,2,Stroop,2
1,2,Stroop,2
1,2,Stroop,2
1,2,Stroop,2
1,2,Stroop,2
1,2,Stroop,2
1,2,Stroop,2
1,2,Stroop,2
1,2,Stroop,2
1,2,Stroop,2
1,2,Stroop,2
1,2,Stroop,2
1,2,Stroop,2
1,2,Stroop,2
1,2,Stroop,2
1,2,Stroop,2
1,2,Stroop,2
1,2,Stroop,2
1,2,Stroop,2
1,3,Mirror,7
1,3,Mirror,7
1,3,Mirror,7
1,3,Mirror,7
1,3,Mirror,7
1,3,Mirror,7
1,3,Mirror,7
1,3,Mirror,7
1,3,Mirror,7
1,3,Mirror,7
1,3,Mirror,7
1,3,Mirror,7
1,3,Mirror,7
1,3,Mirror,7
1,3,Mirror,7
1,3,Mirror,7
1,3,Mirror,7
1,3,Mirror,7
1,3,Mirror,7
1,3,Mirror,7
1,3,Mirror,7
1,3,Mirror,7
1,3,Mirror,7
1,3,Mirror,7
1,3,Relax,0
1,3,Relax,0
1,3,Relax,0
1,3,Relax,0
1,3,Relax,0
1,3,Relax,0
1,3,Relax,0
1,3,Relax,0
1,3,Relax,0
1,3,Relax,0
1,3,Relax,0
1,3,Relax,0
1,3,Relax,0
1,3,Relax,0
1,3,Relax,0
1,3,Relax,0
1,3,Relax,0
1,3,Relax,0
1,3,Relax,0
1,3,Relax,0
1,3,Relax,0
1,3,Relax,0
1,3,Relax,0
1,3,Relax,0
1,3,Arithmetic,4
1,3,Arithmetic,4
1,3,Arithmetic,4
1,3,Arithmetic,4
1,3,Arithmetic,4
1,3,Arithmetic,4
1,3,Arithmetic,4
1,3,Arithmetic,4
1,3,Arithmetic,4
1,3,Arithmetic,4
1,3,Arithmetic,4
1,3,Arithmetic,4
1,3,Arithmetic,4
1,3,Arithmetic,4
1,3,Arithmetic,4
1,3,Arithmetic,4
1,3,Arithmetic,4
1,3,Arithmetic,4
1,3,Arithmetic,4
1,3,Arithmetic,4
1,3,Arithmetic,4
1,3,Arithmetic,4
1,3,Arithmetic,4
1,3,Arithmetic,4
1,3,Stroop,4
1,3,Stroop,4
1,3,Stroop,4
1,3,Stroop,4
1,3,Stroop,4
1,3,Stroop,4
1,3,Stroop,4
1,3,Stroop,4
1,3,Stroop,4
1,3,Stroop,4
1,3,Stroop,4
1,3,Stroop,4
1,3,Stroop,4
1,3,Stroop,4
1,3,Stroop,4
1,3,Stroop,4
1,3,Stroop,4
1,3,Stroop,4
1,3,Stroop,4
1,3,Stroop,4
1,3,Stroop,4
1,3,Stroop,4
1,3,Stroop,4
1,3,Stroop,4
2,1,Stroop,5
2,1,Stroop,5
2,1,Stroop,5
2,1,Stroop,5
2,1,Stroop,5
2,1,Stroop,5
2,1,Stroop,5
2,1,Stroop,5
2,1,Stroop,5
2,1,Stroop,5
2,1,Stroop,5
2,1,Stroop,5
2,1,Stroop,5
2,1,Stroop,5
2,1,Stroop,5
2,1,Stroop,5
2,1,Stroop,5
2,1,Stroop,5
2,1,Stroop,5
2,1,Stroop,5
2,1,Stroop,5
2,1,Stroop,5
2,1,Stroop,5
2,1,Stroop,5
2,1,Arithmetic,3
2,1,Arithmetic,3
2,1,Arithmetic,3
2,1,Arithmetic,3
2,1,Arithmetic,3
2,1,Arithmetic,3
2,1,Arithmetic,3
2,1,Arithmetic,3
2,1,Arithmetic,3
2,1,Arithmetic,3
2,1,Arithmetic,3
2,1,Arithmetic,3
2,1,Arithmetic,3
2,1,Arithmetic,3
2,1,Arithmetic,3
2,1,Arithmetic,3
2,1,Arithmetic,3
2,1,Arithmetic,3
2,1,Arithmetic,3
2,1,Arithmetic,3
2,1,Arithmetic,3
2,1,Arithmetic,3
2,1,Arithmetic,3
2,1,Arithmetic,3
2,1,Relax,0
2,1,Relax,0
2,1,Relax,0
2,1,Relax,0
2,1,Relax,0
2,1,Relax,0
2,1,Relax,0
2,1,Relax,0
2,1,Relax,0
2,1,Relax,0
2,1,Relax,0
2,1,Relax,0
2,1,Relax,0
2,1,Relax,0
2,1,Relax,0
2,1,Relax,0
2,1,Relax,0
2,1,Relax,0
2,1,Relax,0
2,1,Relax,0
2,1,Relax,0
2,1,Relax,0
2,1,Relax,0
2,1,Relax,0
2,1,Mirror,4
2,1,Mirror,4
2,1,Mirror,4
2,1,Mirror,4
2,1,Mirror,4
2,1,Mirror,4
2,1,Mirror,4
2,1,Mirror,4
2,1,Mirror,4
2,1,Mirror,4
2,1,Mirror,4
2,1,Mirror,4
2,1,Mirror,4
2,1,Mirror,4
2,1,Mirror,4
2,1,Mirror,4
2,1,Mirror,4
2,1,Mirror,4
2,1,Mirror,4
2,1,Mirror,4
2,1,Mirror,4
2,1,Mirror,4
2,1,Mirror,4
2,1,Mirror,4
2,2,Stroop,4
2,2,Stroop,4
2,2,Stroop,4
2,2,Stroop,4
2,2,Stroop,4
2,2,Stroop,4
2,2,Stroop,4
2,2,Stroop,4
2,2,Stroop,4
2,2,Stroop,4
2,2,Stroop,4
2,2,Stroop,4
2,2,Stroop,4
2,2,Stroop,4
2,2,Stroop,4
2,2,Stroop,4
2,2,Stroop,4
2,2,Stroop,4
2,2,Stroop,4
2,2,Stroop,4
2,2,Stroop,4
2,2,Stroop,4
2,2,Stroop,4
2,2,Stroop,4
2,2,Arithmetic,3
2,2,Arithmetic,3
2,2,Arithmetic,3
2,2,Arithmetic,3
2,2,Arithmetic,3
2,2,Arithmetic,3
2,2,Arithmetic,3
2,2,Arithmetic,3
2,2,Arithmetic,3
2,2,Arithmetic,3
2,2,Arithmetic,3
2,2,Arithmetic,3
2,2,Arithmetic,3
2,2,Arithmetic,3
2,2,Arithmetic,3
2,2,Arithmetic,3
2,2,Arithmetic,3
2,2,Arithmetic,3
2,2,Arithmetic,3
2,2,Arithmetic,3
2,2,Arithmetic,3
2,2,Arithmetic,3
2,2,Arithmetic,3
2,2,Arithmetic,3
2,2,Mirror,4
2,2,Mirror,4
2,2,Mirror,4
2,2,Mirror,4
2,2,Mirror,4
2,2,Mirror,4
2,2,Mirror,4
2,2,Mirror,4
2,2,Mirror,4
2,2,Mirror,4
2,2,Mirror,4
2,2,Mirror,4
2,2,Mirror,4
2,2,Mirror,4
2,2,Mirror,4
2,2,Mirror,4
2,2,Mirror,4
2,2,Mirror,4
2,2,Mirror,4
2,2,Mirror,4
2,2,Mirror,4
2,2,Mirror,4
2,2,Mirror,4
2,2,Mirror,4
2,2,Relax,0
2,2,Relax,0
2,2,Relax,0
2,2,Relax,0
2,2,Relax,0
2,2,Relax,0
2,2,Relax,0
2,2,Relax,0
2,2,Relax,0
2,2,Relax,0
2,2,Relax,0
2,2,Relax,0
2,2,Relax,0
2,2,Relax,0
2,2,Relax,0
2,2,Relax,0
2,2,Relax,0
2,2,Relax,0
2,2,Relax,0
2,2,Relax,0
2,2,Relax,0
2,2,Relax,0
2,2,Relax,0
2,2,Relax,0
2,3,Stroop,3
2,3,Stroop,3
2,3,Stroop,3
2,3,Stroop,3
2,3,Stroop,3
2,3,Stroop,3
2,3,Stroop,3
2,3,Stroop,3
2,3,Stroop,3
2,3,Stroop,3
2,3,Stroop,3
2,3,Stroop,3
2,3,Stroop,3
2,3,Stroop,3
2,3,Stroop,3
2,3,Stroop,3
2,3,Stroop,3
2,3,Stroop,3
2,3,Stroop,3
2,3,Stroop,3
2,3,Stroop,3
2,3,Stroop,3
2,3,Stroop,3
2,3,Stroop,3
2,3,Arithmetic,7
2,3,Arithmetic,7
2,3,Arithmetic,7
2,3,Arithmetic,7
2,3,Arithmetic,7
2,3,Arithmetic,7
2,3,Arithmetic,7
2,3,Arithmetic,7
2,3,Arithmetic,7
2,3,Arithmetic,7
2,3,Arithmetic,7
2,3,Arithmetic,7
2,3,Arithmetic,7
2,3,Arithmetic,7
2,3,Arithmetic,7
2,3,Arithmetic,7
2,3,Arithmetic,7
2,3,Arithmetic,7
2,3,Arithmetic,7
2,3,Arithmetic,7
2,3,Arithmetic,7
2,3,Arithmetic,7
2,3,Arithmetic,7
2,3,Arithmetic,7
2,3,Mirror,5
2,3,Mirror,5
2,3,Mirror,5
2,3,Mirror,5
2,3,Mirror,5
2,3,Mirror,5
2,3,Mirror,5
2,3,Mirror,5
2,3,Mirror,5
2,3,Mirror,5
2,3,Mirror,5
2,3,Mirror,5
2,3,Mirror,5
2,3,Mirror,5
2,3,Mirror,5
2,3,Mirror,5
2,3,Mirror,5
2,3,Mirror,5
2,3,Mirror,5
2,3,Mirror,5
2,3,Mirror,5
2,3,Mirror,5
2,3,Mirror,5
2,3,Mirror,5
2,3,Relax,0
2,3,Relax,0
2,3,Relax,0
2,3,Relax,0
2,3,Relax,0
2,3,Relax,0
2,3,Relax,0
2,3,Relax,0
2,3,Relax,0
2,3,Relax,0
2,3,Relax,0
2,3,Relax,0
2,3,Relax,0
2,3,Relax,0
2,3,Relax,0
2,3,Relax,0
2,3,Relax,0
2,3,Relax,0
2,3,Relax,0
2,3,Relax,0
2,3,Relax,0
2,3,Relax,0
2,3,Relax,0
2,3,Relax,0
3,1,Relax,0
3,1,Relax,0
3,1,Relax,0
3,1,Relax,0
3,1,Relax,0
3,1,Relax,0
3,1,Relax,0
3,1,Relax,0
3,1,Relax,0
3,1,Relax,0
3,1,Relax,0
3,1,Relax,0
3,1,Relax,0
3,1,Relax,0
3,1,Relax,0
3,1,Relax,0
3,1,Relax,0
3,1,Relax,0
3,1,Relax,0
3,1,Relax,0
3,1,Relax,0
3,1,Relax,0
3,1,Relax,0
3,1,Relax,0
3,1,Mirror,3
3,1,Mirror,3
3,1,Mirror,3
3,1,Mirror,3
3,1,Mirror,3
3,1,Mirror,3
3,1,Mirror,3
3,1,Mirror,3
3,1,Mirror,3
3,1,Mirror,3
3,1,Mirror,3
3,1,Mirror,3
3,1,Mirror,3
3,1,Mirror,3
3,1,Mirror,3
3,1,Mirror,3
3,1,Mirror,3
3,1,Mirror,3
3,1,Mirror,3
3,1,Mirror,3
3,1,Mirror,3
3,1,Mirror,3
3,1,Mirror,3
3,1,Mirror,3
3,1,Arithmetic,5
3,1,Arithmetic,5
3,1,Arithmetic,5
3,1,Arithmetic,5
3,1,Arithmetic,5
3,1,Arithmetic,5
3,1,Arithmetic,5
3,1,Arithmetic,5
3,1,Arithmetic,5
3,1,Arithmetic,5
3,1,Arithmetic,5
3,1,Arithmetic,5
3,1,Arithmetic,5
3,1,Arithmetic,5
3,1,Arithmetic,5
3,1,Arithmetic,5
3,1,Arithmetic,5
3,1,Arithmetic,5
3,1,Arithmetic,5
3,1,Arithmetic,5
3,1,Arithmetic,5
3,1,Arithmetic,5
3,1,Arithmetic,5
3,1,Arithmetic,5
3,1,Stroop,4
3,1,Stroop,4
3,1,Stroop,4
3,1,Stroop,4
3,1,Stroop,4
3,1,Stroop,4
3,1,Stroop,4
3,1,Stroop,4
3,1,Stroop,4
3,1,Stroop,4
3,1,Stroop,4
3,1,Stroop,4
3,1,Stroop,4
3,1,Stroop,4
3,1,Stroop,4
3,1,Stroop,4
3,1,Stroop,4
3,1,Stroop,4
3,1,Stroop,4
3,1,Stroop,4
3,1,Stroop,4
3,1,Stroop,4
3,1,Stroop,4
3,1,Stroop,4
3,2,Mirror,5
3,2,Mirror,5
3,2,Mirror,5
3,2,Mirror,5
3,2,Mirror,5
3,2,Mirror,5
3,2,Mirror,5
3,2,Mirror,5
3,2,Mirror,5
3,2,Mirror,5
3,2,Mirror,5
3,2,Mirror,5
3,2,Mirror,5
3,2,Mirror,5
3,2,Mirror,5
3,2,Mirror,5
3,2,Mirror,5
3,2,Mirror,5
3,2,Mirror,5
3,2,Mirror,5
3,2,Mirror,5
3,2,Mirror,5
3,2,Mirror,5
3,2,Mirror,5
3,2,Relax,0
3,2,Relax,0
3,2,Relax,0
3,2,Relax,0
3,2,Relax,0
3,2,Relax,0
3,2,Relax,0
3,2,Relax,0
3,2,Relax,0
3,2,Relax,0
3,2,Relax,0
3,2,Relax,0
3,2,Relax,0
3,2,Relax,0
3,2,Relax,0
3,2,Relax,0
3,2,Relax,0
3,2,Relax,0
3,2,Relax,0
3,2,Relax,0
3,2,Relax,0
3,2,Relax,0
3,2,Relax,0
3,2,Relax,0
3,2,Arithmetic,3
3,2,Arithmetic,3
3,2,Arithmetic,3
3,2,Arithmetic,3
3,2,Arithmetic,3
3,2,Arithmetic,3
3,2,Arithmetic,3
3,2,Arithmetic,3
3,2,Arithmetic,3
3,2,Arithmetic,3
3,2,Arithmetic,3
3,2,Arithmetic,3
3,2,Arithmetic,3
3,2,Arithmetic,3
3,2,Arithmetic,3
3,2,Arithmetic,3
3,2,Arithmetic,3
3,2,Arithmetic,3
3,2,Arithmetic,3
3,2,Arithmetic,3
3,2,Arithmetic,3
3,2,Arithmetic,3
3,2,Arithmetic,3
3,2,Arithmetic,3
3,2,Stroop,5
3,2,Stroop,5
3,2,Stroop,5
3,2,Stroop,5
3,2,Stroop,5
3,2,Stroop,5
3,2,Stroop,5
3,2,Stroop,5
3,2,Stroop,5
3,2,Stroop,5
3,2,Stroop,5
3,2,Stroop,5
3,2,Stroop,5
3,2,Stroop,5
3,2,Stroop,5
3,2,Stroop,5
3,2,Stroop,5
3,2,Stroop,5
3,2,Stroop,5
3,2,Stroop,5
3,2,Stroop,5
3,2,Stroop,5
3,2,Stroop,5
3,2,Stroop,5
3,3,Mirror,7
3,3,Mirror,7
3,3,Mirror,7
3,3,Mirror,7
3,3,Mirror,7
3,3,Mirror,7
3,3,Mirror,7
3,3,Mirror,7
3,3,Mirror,7
3,3,Mirror,7
3,3,Mirror,7
3,3,Mirror,7
3,3,Mirror,7
3,3,Mirror,7
3,3,Mirror,7
3,3,Mirror,7
3,3,Mirror,7
3,3,Mirror,7
3,3,Mirror,7
3,3,Mirror,7
3,3,Mirror,7
3,3,Mirror,7
3,3,Mirror,7
3,3,Mirror,7
3,3,Relax,0
3,3,Relax,0
3,3,Relax,0
3,3,Relax,0
3,3,Relax,0
3,3,Relax,0
3,3,Relax,0
3,3,Relax,0
3,3,Relax,0
3,3,Relax,0
3,3,Relax,0
3,3,Relax,0
3,3,Relax,0
3,3,Relax,0
3,3,Relax,0
3,3,Relax,0
3,3,Relax,0
3,3,Relax,0
3,3,Relax,0
3,3,Relax,0
3,3,Relax,0
3,3,Relax,0
3,3,Relax,0
3,3,Relax,0
3,3,Arithmetic,8
3,3,Arithmetic,8
3,3,Arithmetic,8
3,3,Arithmetic,8
3,3,Arithmetic,8
3,3,Arithmetic,8
3,3,Arithmetic,8
3,3,Arithmetic,8
3,3,Arithmetic,8
3,3,Arithmetic,8
3,3,Arithmetic,8
3,3,Arithmetic,8
3,3,Arithmetic,8
3,3,Arithmetic,8
3,3,Arithmetic,8
3,3,Arithmetic,8
3,3,Arithmetic,8
3,3,Arithmetic,8
3,3,Arithmetic,8
3,3,Arithmetic,8
3,3,Arithmetic,8
3,3,Arithmetic,8
3,3,Arithmetic,8
3,3,Arithmetic,8
3,3,Stroop,5
3,3,Stroop,5
3,3,Stroop,5
3,3,Stroop,5
3,3,Stroop,5
3,3,Stroop,5
3,3,Stroop,5
3,3,Stroop,5
3,3,Stroop,5
3,3,Stroop,5
3,3,Stroop,5
3,3,Stroop,5
3,3,Stroop,5
3,3,Stroop,5
3,3,Stroop,5
3,3,Stroop,5
3,3,Stroop,5
3,3,Stroop,5
3,3,Stroop,5
3,3,Stroop,5
3,3,Stroop,5
3,3,Stroop,5
3,3,Stroop,5
3,3,Stroop,5
4,1,Arithmetic,5
4,1,Arithmetic,5
4,1,Arithmetic,5
4,1,Arithmetic,5
4,1,Arithmetic,5
4,1,Arithmetic,5
4,1,Arithmetic,5
4,1,Arithmetic,5
4,1,Arithmetic,5
4,1,Arithmetic,5
4,1,Arithmetic,5
4,1,Arithmetic,5
4,1,Arithmetic,5
4,1,Arithmetic,5
4,1,Arithmetic,5
4,1,Arithmetic,5
4,1,Arithmetic,5
4,1,Arithmetic,5
4,1,Arithmetic,5
4,1,Arithmetic,5
4,1,Arithmetic,5
4,1,Arithmetic,5
4,1,Arithmetic,5
4,1,Arithmetic,5
4,1,Mirror,3
4,1,Mirror,3
4,1,Mirror,3
4,1,Mirror,3
4,1,Mirror,3
4,1,Mirror,3
4,1,Mirror,3
4,1,Mirror,3
4,1,Mirror,3
4,1,Mirror,3
4,1,Mirror,3
4,1,Mirror,3
4,1,Mirror,3
4,1,Mirror,3
4,1,Mirror,3
4,1,Mirror,3
4,1,Mirror,3
4,1,Mirror,3
4,1,Mirror,3
4,1,Mirror,3
4,1,Mirror,3
4,1,Mirror,3
4,1,Mirror,3
4,1,Mirror,3
4,1,Relax,0
4,1,Relax,0
4,1,Relax,0
4,1,Relax,0
4,1,Relax,0
4,1,Relax,0
4,1,Relax,0
4,1,Relax,0
4,1,Relax,0
4,1,Relax,0
4,1,Relax,0
4,1,Relax,0
4,1,Relax,0
4,1,Relax,0
4,1,Relax,0
4,1,Relax,0
4,1,Relax,0
4,1,Relax,0
4,1,Relax,0
4,1,Relax,0
4,1,Relax,0
4,1,Relax,0
4,1,Relax,0
4,1,Relax,0
4,1,Stroop,4
4,1,Stroop,4
4,1,Stroop,4
4,1,Stroop,4
4,1,Stroop,4
4,1,Stroop,4
4,1,Stroop,4
4,1,Stroop,4
4,1,Stroop,4
4,1,Stroop,4
4,1,Stroop,4
4,1,Stroop,4
4,1,Stroop,4
4,1,Stroop,4
4,1,Stroop,4
4,1,Stroop,4
4,1,Stroop,4
4,1,Stroop,4
4,1,Stroop,4
4,1,Stroop,4
4,1,Stroop,4
4,1,Stroop,4
4,1,Stroop,4
4,1,Stroop,4
4,2,Arithmetic,3
4,2,Arithmetic,3
4,2,Arithmetic,3
4,2,Arithmetic,3
4,2,Arithmetic,3
4,2,Arithmetic,3
4,2,Arithmetic,3
4,2,Arithmetic,3
4,2,Arithmetic,3
4,2,Arithmetic,3
4,2,Arithmetic,3
4,2,Arithmetic,3
4,2,Arithmetic,3
4,2,Arithmetic,3
4,2,Arithmetic,3
4,2,Arithmetic,3
4,2,Arithmetic,3
4,2,Arithmetic,3
4,2,Arithmetic,3
4,2,Arithmetic,3
4,2,Arithmetic,3
4,2,Arithmetic,3
4,2,Arithmetic,3
4,2,Arithmetic,3
4,2,Relax,0
4,2,Relax,0
4,2,Relax,0
4,2,Relax,0
4,2,Relax,0
4,2,Relax,0
4,2,Relax,0
4,2,Relax,0
4,2,Relax,0
4,2,Relax,0
4,2,Relax,0
4,2,Relax,0
4,2,Relax,0
4,2,Relax,0
4,2,Relax,0
4,2,Relax,0
4,2,Relax,0
4,2,Relax,0
4,2,Relax,0
4,2,Relax,0
4,2,Relax,0
4,2,Relax,0
4,2,Relax,0
4,2,Relax,0
4,2,Mirror,5
4,2,Mirror,5
4,2,Mirror,5
4,2,Mirror,5
4,2,Mirror,5
4,2,Mirror,5
4,2,Mirror,5
4,2,Mirror,5
4,2,Mirror,5
4,2,Mirror,5
4,2,Mirror,5
4,2,Mirror,5
4,2,Mirror,5
4,2,Mirror,5
4,2,Mirror,5
4,2,Mirror,5
4,2,Mirror,5
4,2,Mirror,5
4,2,Mirror,5
4,2,Mirror,5
4,2,Mirror,5
4,2,Mirror,5
4,2,Mirror,5
4,2,Mirror,5
4,2,Stroop,2
4,2,Stroop,2
4,2,Stroop,2
4,2,Stroop,2
4,2,Stroop,2
4,2,Stroop,2
4,2,Stroop,2
4,2,Stroop,2
4,2,Stroop,2
4,2,Stroop,2
4,2,Stroop,2
4,2,Stroop,2
4,2,Stroop,2
4,2,Stroop,2
4,2,Stroop,2
4,2,Stroop,2
4,2,Stroop,2
4,2,Stroop,2
4,2,Stroop,2
4,2,Stroop,2
4,2,Stroop,2
4,2,Stroop,2
4,2,Stroop,2
4,2,Stroop,2
4,3,Arithmetic,7
4,3,Arithmetic,7
4,3,Arithmetic,7
4,3,Arithmetic,7
4,3,Arithmetic,7
4,3,Arithmetic,7
4,3,Arithmetic,7
4,3,Arithmetic,7
4,3,Arithmetic,7
4,3,Arithmetic,7
4,3,Arithmetic,7
4,3,Arithmetic,7
4,3,Arithmetic,7
4,3,Arithmetic,7
4,3,Arithmetic,7
4,3,Arithmetic,7
4,3,Arithmetic,7
4,3,Arithmetic,7
4,3,Arithmetic,7
4,3,Arithmetic,7
4,3,Arithmetic,7
4,3,Arithmetic,7
4,3,Arithmetic,7
4,3,Arithmetic,7
4,3,Relax,0
4,3,Relax,0
4,3,Relax,0
4,3,Relax,0
4,3,Relax,0
4,3,Relax,0
4,3,Relax,0
4,3,Relax,0
4,3,Relax,0
4,3,Relax,0
4,3,Relax,0
4,3,Relax,0
4,3,Relax,0
4,3,Relax,0
4,3,Relax,0
4,3,Relax,0
4,3,Relax,0
4,3,Relax,0
4,3,Relax,0
4,3,Relax,0
4,3,Relax,0
4,3,Relax,0
4,3,Relax,0
4,3,Relax,0
4,3,Mirror,5
4,3,Mirror,5
4,3,Mirror,5
4,3,Mirror,5
4,3,Mirror,5
4,3,Mirror,5
4,3,Mirror,5
4,3,Mirror,5
4,3,Mirror,5
4,3,Mirror,5
4,3,Mirror,5
4,3,Mirror,5
4,3,Mirror,5
4,3,Mirror,5
4,3,Mirror,5
4,3,Mirror,5
4,3,Mirror,5
4,3,Mirror,5
4,3,Mirror,5
4,3,Mirror,5
4,3,Mirror,5
4,3,Mirror,5
4,3,Mirror,5
4,3,Mirror,5
4,3,Stroop,5
4,3,Stroop,5
4,3,Stroop,5
4,3,Stroop,5
4,3,Stroop,5
4,3,Stroop,5
4,3,Stroop,5
4,3,Stroop,5
4,3,Stroop,5
4,3,Stroop,5
4,3,Stroop,5
4,3,Stroop,5
4,3,Stroop,5
4,3,Stroop,5
4,3,Stroop,5
4,3,Stroop,5
4,3,Stroop,5
4,3,Stroop,5
4,3,Stroop,5
4,3,Stroop,5
4,3,Stroop,5
4,3,Stroop,5
4,3,Stroop,5
4,3,Stroop,5
5,1,Stroop,6
5,1,Stroop,6
5,1,Stroop,6
5,1,Stroop,6
5,1,Stroop,6
5,1,Stroop,6
5,1,Stroop,6
5,1,Stroop,6
5,1,Stroop,6
5,1,Stroop,6
5,1,Stroop,6
5,1,Stroop,6
5,1,Stroop,6
5,1,Stroop,6
5,1,Stroop,6
5,1,Stroop,6
5,1,Stroop,6
5,1,Stroop,6
5,1,Stroop,6
5,1,Stroop,6
5,1,Stroop,6
5,1,Stroop,6
5,1,Stroop,6
5,1,Stroop,6
5,1,Mirror,6
5,1,Mirror,6
5,1,Mirror,6
5,1,Mirror,6
5,1,Mirror,6
5,1,Mirror,6
5,1,Mirror,6
5,1,Mirror,6
5,1,Mirror,6
5,1,Mirror,6
5,1,Mirror,6
5,1,Mirror,6
5,1,Mirror,6
5,1,Mirror,6
5,1,Mirror,6
5,1,Mirror,6
5,1,Mirror,6
5,1,Mirror,6
5,1,Mirror,6
5,1,Mirror,6
5,1,Mirror,6
5,1,Mirror,6
5,1,Mirror,6
5,1,Mirror,6
5,1,Relax,0
5,1,Relax,0
5,1,Relax,0
5,1,Relax,0
5,1,Relax,0
5,1,Relax,0
5,1,Relax,0
5,1,Relax,0
5,1,Relax,0
5,1,Relax,0
5,1,Relax,0
5,1,Relax,0
5,1,Relax,0
5,1,Relax,0
5,1,Relax,0
5,1,Relax,0
5,1,Relax,0
5,1,Relax,0
5,1,Relax,0
5,1,Relax,0
5,1,Relax,0
5,1,Relax,0
5,1,Relax,0
5,1,Relax,0
5,1,Arithmetic,6
5,1,Arithmetic,6
5,1,Arithmetic,6
5,1,Arithmetic,6
5,1,Arithmetic,6
5,1,Arithmetic,6
5,1,Arithmetic,6
5,1,Arithmetic,6
5,1,Arithmetic,6
5,1,Arithmetic,6
5,1,Arithmetic,6
5,1,Arithmetic,6
5,1,Arithmetic,6
5,1,Arithmetic,6
5,1,Arithmetic,6
5,1,Arithmetic,6
5,1,Arithmetic,6
5,1,Arithmetic,6
5,1,Arithmetic,6
5,1,Arithmetic,6
5,1,Arithmetic,6
5,1,Arithmetic,6
5,1,Arithmetic,6
5,1,Arithmetic,6
5,2,Stroop,2
5,2,Stroop,2
5,2,Stroop,2
5,2,Stroop,2
5,2,Stroop,2
5,2,Stroop,2
5,2,Stroop,2
5,2,Stroop,2
5,2,Stroop,2
5,2,Stroop,2
5,2,Stroop,2
5,2,Stroop,2
5,2,Stroop,2
5,2,Stroop,2
5,2,Stroop,2
5,2,Stroop,2
5,2,Stroop,2
5,2,Stroop,2
5,2,Stroop,2
5,2,Stroop,2
5,2,Stroop,2
5,2,Stroop,2
5,2,Stroop,2
5,2,Stroop,2
5,2,Relax,0
5,2,Relax,0
5,2,Relax,0
5,2,Relax,0
5,2,Relax,0
5,2,Relax,0
5,2,Relax,0
5,2,Relax,0
5,2,Relax,0
5,2,Relax,0
5,2,Relax,0
5,2,Relax,0
5,2,Relax,0
5,2,Relax,0
5,2,Relax,0
5,2,Relax,0
5,2,Relax,0
5,2,Relax,0
5,2,Relax,0
5,2,Relax,0
5,2,Relax,0
5,2,Relax,0
5,2,Relax,0
5,2,Relax,0
5,2,Mirror,3
5,2,Mirror,3
5,2,Mirror,3
5,2,Mirror,3
5,2,Mirror,3
5,2,Mirror,3
5,2,Mirror,3
5,2,Mirror,3
5,2,Mirror,3
5,2,Mirror,3
5,2,Mirror,3
5,2,Mirror,3
5,2,Mirror,3
5,2,Mirror,3
5,2,Mirror,3
5,2,Mirror,3
5,2,Mirror,3
5,2,Mirror,3
5,2,Mirror,3
5,2,Mirror,3
5,2,Mirror,3
5,2,Mirror,3
5,2,Mirror,3
5,2,Mirror,3
5,2,Arithmetic,5
5,2,Arithmetic,5
5,2,Arithmetic,5
5,2,Arithmetic,5
5,2,Arithmetic,5
5,2,Arithmetic,5
5,2,Arithmetic,5
5,2,Arithmetic,5
5,2,Arithmetic,5
5,2,Arithmetic,5
5,2,Arithmetic,5
5,2,Arithmetic,5
5,2,Arithmetic,5
5,2,Arithmetic,5
5,2,Arithmetic,5
5,2,Arithmetic,5
5,2,Arithmetic,5
5,2,Arithmetic,5
5,2,Arithmetic,5
5,2,Arithmetic,5
5,2,Arithmetic,5
5,2,Arithmetic,5
5,2,Arithmetic,5
5,2,Arithmetic,5
5,3,Stroop,3
5,3,Stroop,3
5,3,Stroop,3
5,3,Stroop,3
5,3,Stroop,3
5,3,Stroop,3
5,3,Stroop,3
5,3,Stroop,3
5,3,Stroop,3
5,3,Stroop,3
5,3,Stroop,3
5,3,Stroop,3
5,3,Stroop,3
5,3,Stroop,3
5,3,Stroop,3
5,3,Stroop,3
5,3,Stroop,3
5,3,Stroop,3
5,3,Stroop,3
5,3,Stroop,3
5,3,Stroop,3
5,3,Stroop,3
5,3,Stroop,3
5,3,Stroop,3
5,3,Relax,0
5,3,Relax,0
5,3,Relax,0
5,3,Relax,0
5,3,Relax,0
5,3,Relax,0
5,3,Relax,0
5,3,Relax,0
5,3,Relax,0
5,3,Relax,0
5,3,Relax,0
5,3,Relax,0
5,3,Relax,0
5,3,Relax,0
5,3,Relax,0
5,3,Relax,0
5,3,Relax,0
5,3,Relax,0
5,3,Relax,0
5,3,Relax,0
5,3,Relax,0
5,3,Relax,0
5,3,Relax,0
5,3,Relax,0
5,3,Mirror,7
5,3,Mirror,7
5,3,Mirror,7
5,3,Mirror,7
5,3,Mirror,7
5,3,Mirror,7
5,3,Mirror,7
5,3,Mirror,7
5,3,Mirror,7
5,3,Mirror,7
5,3,Mirror,7
5,3,Mirror,7
5,3,Mirror,7
5,3,Mirror,7
5,3,Mirror,7
5,3,Mirror,7
5,3,Mirror,7
5,3,Mirror,7
5,3,Mirror,7
5,3,Mirror,7
5,3,Mirror,7
5,3,Mirror,7
5,3,Mirror,7
5,3,Mirror,7
5,3,Arithmetic,5
5,3,Arithmetic,5
5,3,Arithmetic,5
5,3,Arithmetic,5
5,3,Arithmetic,5
5,3,Arithmetic,5
5,3,Arithmetic,5
5,3,Arithmetic,5
5,3,Arithmetic,5
5,3,Arithmetic,5
5,3,Arithmetic,5
5,3,Arithmetic,5
5,3,Arithmetic,5
5,3,Arithmetic,5
5,3,Arithmetic,5
5,3,Arithmetic,5
5,3,Arithmetic,5
5,3,Arithmetic,5
5,3,Arithmetic,5
5,3,Arithmetic,5
5,3,Arithmetic,5
5,3,Arithmetic,5
5,3,Arithmetic,5
5,3,Arithmetic,5
6,1,Arithmetic,5
6,1,Arithmetic,5
6,1,Arithmetic,5
6,1,Arithmetic,5
6,1,Arithmetic,5
6,1,Arithmetic,5
6,1,Arithmetic,5
6,1,Arithmetic,5
6,1,Arithmetic,5
6,1,Arithmetic,5
6,1,Arithmetic,5
6,1,Arithmetic,5
6,1,Arithmetic,5
6,1,Arithmetic,5
6,1,Arithmetic,5
6,1,Arithmetic,5
6,1,Arithmetic,5
6,1,Arithmetic,5
6,1,Arithmetic,5
6,1,Arithmetic,5
6,1,Arithmetic,5
6,1,Arithmetic,5
6,1,Arithmetic,5
6,1,Arithmetic,5
6,1,Mirror,4
6,1,Mirror,4
6,1,Mirror,4
6,1,Mirror,4
6,1,Mirror,4
6,1,Mirror,4
6,1,Mirror,4
6,1,Mirror,4
6,1,Mirror,4
6,1,Mirror,4
6,1,Mirror,4
6,1,Mirror,4
6,1,Mirror,4
6,1,Mirror,4
6,1,Mirror,4
6,1,Mirror,4
6,1,Mirror,4
6,1,Mirror,4
6,1,Mirror,4
6,1,Mirror,4
6,1,Mirror,4
6,1,Mirror,4
6,1,Mirror,4
6,1,Mirror,4
6,1,Relax,0
6,1,Relax,0
6,1,Relax,0
6,1,Relax,0
6,1,Relax,0
6,1,Relax,0
6,1,Relax,0
6,1,Relax,0
6,1,Relax,0
6,1,Relax,0
6,1,Relax,0
6,1,Relax,0
6,1,Relax,0
6,1,Relax,0
6,1,Relax,0
6,1,Relax,0
6,1,Relax,0
6,1,Relax,0
6,1,Relax,0
6,1,Relax,0
6,1,Relax,0
6,1,Relax,0
6,1,Relax,0
6,1,Relax,0
6,1,Stroop,2
6,1,Stroop,2
6,1,Stroop,2
6,1,Stroop,2
6,1,Stroop,2
6,1,Stroop,2
6,1,Stroop,2
6,1,Stroop,2
6,1,Stroop,2
6,1,Stroop,2
6,1,Stroop,2
6,1,Stroop,2
6,1,Stroop,2
6,1,Stroop,2
6,1,Stroop,2
6,1,Stroop,2
6,1,Stroop,2
6,1,Stroop,2
6,1,Stroop,2
6,1,Stroop,2
6,1,Stroop,2
6,1,Stroop,2
6,1,Stroop,2
6,1,Stroop,2
6,2,Arithmetic,4
6,2,Arithmetic,4
6,2,Arithmetic,4
6,2,Arithmetic,4
6,2,Arithmetic,4
6,2,Arithmetic,4
6,2,Arithmetic,4
6,2,Arithmetic,4
6,2,Arithmetic,4
6,2,Arithmetic,4
6,2,Arithmetic,4
6,2,Arithmetic,4
6,2,Arithmetic,4
6,2,Arithmetic,4
6,2,Arithmetic,4
6,2,Arithmetic,4
6,2,Arithmetic,4
6,2,Arithmetic,4
6,2,Arithmetic,4
6,2,Arithmetic,4
6,2,Arithmetic,4
6,2,Arithmetic,4
6,2,Arithmetic,4
6,2,Arithmetic,4
6,2,Relax,0
6,2,Relax,0
6,2,Relax,0
6,2,Relax,0
6,2,Relax,0
6,2,Relax,0
6,2,Relax,0
6,2,Relax,0
6,2,Relax,0
6,2,Relax,0
6,2,Relax,0
6,2,Relax,0
6,2,Relax,0
6,2,Relax,0
6,2,Relax,0
6,2,Relax,0
6,2,Relax,0
6,2,Relax,0
6,2,Relax,0
6,2,Relax,0
6,2,Relax,0
6,2,Relax,0
6,2,Relax,0
6,2,Relax,0
6,2,Mirror,3
6,2,Mirror,3
6,2,Mirror,3
6,2,Mirror,3
6,2,Mirror,3
6,2,Mirror,3
6,2,Mirror,3
6,2,Mirror,3
6,2,Mirror,3
6,2,Mirror,3
6,2,Mirror,3
6,2,Mirror,3
6,2,Mirror,3
6,2,Mirror,3
6,2,Mirror,3
6,2,Mirror,3
6,2,Mirror,3
6,2,Mirror,3
6,2,Mirror,3
6,2,Mirror,3
6,2,Mirror,3
6,2,Mirror,3
6,2,Mirror,3
6,2,Mirror,3
6,2,Stroop,3
6,2,Stroop,3
6,2,Stroop,3
6,2,Stroop,3
6,2,Stroop,3
6,2,Stroop,3
6,2,Stroop,3
6,2,Stroop,3
6,2,Stroop,3
6,2,Stroop,3
6,2,Stroop,3
6,2,Stroop,3
6,2,Stroop,3
6,2,Stroop,3
6,2,Stroop,3
6,2,Stroop,3
6,2,Stroop,3
6,2,Stroop,3
6,2,Stroop,3
6,2,Stroop,3
6,2,Stroop,3
6,2,Stroop,3
6,2,Stroop,3
6,2,Stroop,3
6,3,Arithmetic,8
6,3,Arithmetic,8
6,3,Arithmetic,8
6,3,Arithmetic,8
6,3,Arithmetic,8
6,3,Arithmetic,8
6,3,Arithmetic,8
6,3,Arithmetic,8
6,3,Arithmetic,8
6,3,Arithmetic,8
6,3,Arithmetic,8
6,3,Arithmetic,8
6,3,Arithmetic,8
6,3,Arithmetic,8
6,3,Arithmetic,8
6,3,Arithmetic,8
6,3,Arithmetic,8
6,3,Arithmetic,8
6,3,Arithmetic,8
6,3,Arithmetic,8
6,3,Arithmetic,8
6,3,Arithmetic,8
6,3,Arithmetic,8
6,3,Arithmetic,8
6,3,Relax,0
6,3,Relax,0
6,3,Relax,0
6,3,Relax,0
6,3,Relax,0
6,3,Relax,0
6,3,Relax,0
6,3,Relax,0
6,3,Relax,0
6,3,Relax,0
6,3,Relax,0
6,3,Relax,0
6,3,Relax,0
6,3,Relax,0
6,3,Relax,0
6,3,Relax,0
6,3,Relax,0
6,3,Relax,0
6,3,Relax,0
6,3,Relax,0
6,3,Relax,0
6,3,Relax,0
6,3,Relax,0
6,3,Relax,0
6,3,Mirror,6
6,3,Mirror,6
6,3,Mirror,6
6,3,Mirror,6
6,3,Mirror,6
6,3,Mirror,6
6,3,Mirror,6
6,3,Mirror,6
6,3,Mirror,6
6,3,Mirror,6
6,3,Mirror,6
6,3,Mirror,6
6,3,Mirror,6
6,3,Mirror,6
6,3,Mirror,6
6,3,Mirror,6
6,3,Mirror,6
6,3,Mirror,6
6,3,Mirror,6
6,3,Mirror,6
6,3,Mirror,6
6,3,Mirror,6
6,3,Mirror,6
6,3,Mirror,6
6,3,Stroop,5
6,3,Stroop,5
6,3,Stroop,5
6,3,Stroop,5
6,3,Stroop,5
6,3,Stroop,5
6,3,Stroop,5
6,3,Stroop,5
6,3,Stroop,5
6,3,Stroop,5
6,3,Stroop,5
6,3,Stroop,5
6,3,Stroop,5
6,3,Stroop,5
6,3,Stroop,5
6,3,Stroop,5
6,3,Stroop,5
6,3,Stroop,5
6,3,Stroop,5
6,3,Stroop,5
6,3,Stroop,5
6,3,Stroop,5
6,3,Stroop,5
6,3,Stroop,5
7,1,Stroop,4
7,1,Stroop,4
7,1,Stroop,4
7,1,Stroop,4
7,1,Stroop,4
7,1,Stroop,4
7,1,Stroop,4
7,1,Stroop,4
7,1,Stroop,4
7,1,Stroop,4
7,1,Stroop,4
7,1,Stroop,4
7,1,Stroop,4
7,1,Stroop,4
7,1,Stroop,4
7,1,Stroop,4
7,1,Stroop,4
7,1,Stroop,4
7,1,Stroop,4
7,1,Stroop,4
7,1,Stroop,4
7,1,Stroop,4
7,1,Stroop,4
7,1,Stroop,4
7,1,Mirror,5
7,1,Mirror,5
7,1,Mirror,5
7,1,Mirror,5
7,1,Mirror,5
7,1,Mirror,5
7,1,Mirror,5
7,1,Mirror,5
7,1,Mirror,5
7,1,Mirror,5
7,1,Mirror,5
7,1,Mirror,5
7,1,Mirror,5
7,1,Mirror,5
7,1,Mirror,5
7,1,Mirror,5
7,1,Mirror,5
7,1,Mirror,5
7,1,Mirror,5
7,1,Mirror,5
7,1,Mirror,5
7,1,Mirror,5
7,1,Mirror,5
7,1,Mirror,5
7,1,Relax,0
7,1,Relax,0
7,1,Relax,0
7,1,Relax,0
7,1,Relax,0
7,1,Relax,0
7,1,Relax,0
7,1,Relax,0
7,1,Relax,0
7,1,Relax,0
7,1,Relax,0
7,1,Relax,0
7,1,Relax,0
7,1,Relax,0
7,1,Relax,0
7,1,Relax,0
7,1,Relax,0
7,1,Relax,0
7,1,Relax,0
7,1,Relax,0
7,1,Relax,0
7,1,Relax,0
7,1,Relax,0
7,1,Relax,0
7,1,Arithmetic,5
7,1,Arithmetic,5
7,1,Arithmetic,5
7,1,Arithmetic,5
7,1,Arithmetic,5
7,1,Arithmetic,5
7,1,Arithmetic,5
7,1,Arithmetic,5
7,1,Arithmetic,5
7,1,Arithmetic,5
7,1,Arithmetic,5
7,1,Arithmetic,5
7,1,Arithmetic,5
7,1,Arithmetic,5
7,1,Arithmetic,5
7,1,Arithmetic,5
7,1,Arithmetic,5
7,1,Arithmetic,5
7,1,Arithmetic,5
7,1,Arithmetic,5
7,1,Arithmetic,5
7,1,Arithmetic,5
7,1,Arithmetic,5
7,1,Arithmetic,5
7,2,Stroop,3
7,2,Stroop,3
7,2,Stroop,3
7,2,Stroop,3
7,2,Stroop,3
7,2,Stroop,3
7,2,Stroop,3
7,2,Stroop,3
7,2,Stroop,3
7,2,Stroop,3
7,2,Stroop,3
7,2,Stroop,3
7,2,Stroop,3
7,2,Stroop,3
7,2,Stroop,3
7,2,Stroop,3
7,2,Stroop,3
7,2,Stroop,3
7,2,Stroop,3
7,2,Stroop,3
7,2,Stroop,3
7,2,Stroop,3
7,2,Stroop,3
7,2,Stroop,3
7,2,Relax,0
7,2,Relax,0
7,2,Relax,0
7,2,Relax,0
7,2,Relax,0
7,2,Relax,0
7,2,Relax,0
7,2,Relax,0
7,2,Relax,0
7,2,Relax,0
7,2,Relax,0
7,2,Relax,0
7,2,Relax,0
7,2,Relax,0
7,2,Relax,0
7,2,Relax,0
7,2,Relax,0
7,2,Relax,0
7,2,Relax,0
7,2,Relax,0
7,2,Relax,0
7,2,Relax,0
7,2,Relax,0
7,2,Relax,0
7,2,Mirror,3
7,2,Mirror,3
7,2,Mirror,3
7,2,Mirror,3
7,2,Mirror,3
7,2,Mirror,3
7,2,Mirror,3
7,2,Mirror,3
7,2,Mirror,3
7,2,Mirror,3
7,2,Mirror,3
7,2,Mirror,3
7,2,Mirror,3
7,2,Mirror,3
7,2,Mirror,3
7,2,Mirror,3
7,2,Mirror,3
7,2,Mirror,3
7,2,Mirror,3
7,2,Mirror,3
7,2,Mirror,3
7,2,Mirror,3
7,2,Mirror,3
7,2,Mirror,3
7,2,Arithmetic,3
7,2,Arithmetic,3
7,2,Arithmetic,3
7,2,Arithmetic,3
7,2,Arithmetic,3
7,2,Arithmetic,3
7,2,Arithmetic,3
7,2,Arithmetic,3
7,2,Arithmetic,3
7,2,Arithmetic,3
7,2,Arithmetic,3
7,2,Arithmetic,3
7,2,Arithmetic,3
7,2,Arithmetic,3
7,2,Arithmetic,3
7,2,Arithmetic,3
7,2,Arithmetic,3
7,2,Arithmetic,3
7,2,Arithmetic,3
7,2,Arithmetic,3
7,2,Arithmetic,3
7,2,Arithmetic,3
7,2,Arithmetic,3
7,2,Arithmetic,3
7,3,Stroop,6
7,3,Stroop,6
7,3,Stroop,6
7,3,Stroop,6
7,3,Stroop,6
7,3,Stroop,6
7,3,Stroop,6
7,3,Stroop,6
7,3,Stroop,6
7,3,Stroop,6
7,3,Stroop,6
7,3,Stroop,6
7,3,Stroop,6
7,3,Stroop,6
7,3,Stroop,6
7,3,Stroop,6
7,3,Stroop,6
7,3,Stroop,6
7,3,Stroop,6
7,3,Stroop,6
7,3,Stroop,6
7,3,Stroop,6
7,3,Stroop,6
7,3,Stroop,6
7,3,Relax,0
7,3,Relax,0
7,3,Relax,0
7,3,Relax,0
7,3,Relax,0
7,3,Relax,0
7,3,Relax,0
7,3,Relax,0
7,3,Relax,0
7,3,Relax,0
7,3,Relax,0
7,3,Relax,0
7,3,Relax,0
7,3,Relax,0
7,3,Relax,0
7,3,Relax,0
7,3,Relax,0
7,3,Relax,0
7,3,Relax,0
7,3,Relax,0
7,3,Relax,0
7,3,Relax,0
7,3,Relax,0
7,3,Relax,0
7,3,Mirror,3
7,3,Mirror,3
7,3,Mirror,3
7,3,Mirror,3
7,3,Mirror,3
7,3,Mirror,3
7,3,Mirror,3
7,3,Mirror,3
7,3,Mirror,3
7,3,Mirror,3
7,3,Mirror,3
7,3,Mirror,3
7,3,Mirror,3
7,3,Mirror,3
7,3,Mirror,3
7,3,Mirror,3
7,3,Mirror,3
7,3,Mirror,3
7,3,Mirror,3
7,3,Mirror,3
7,3,Mirror,3
7,3,Mirror,3
7,3,Mirror,3
7,3,Mirror,3
7,3,Arithmetic,6
7,3,Arithmetic,6
7,3,Arithmetic,6
7,3,Arithmetic,6
7,3,Arithmetic,6
7,3,Arithmetic,6
7,3,Arithmetic,6
7,3,Arithmetic,6
7,3,Arithmetic,6
7,3,Arithmetic,6
7,3,Arithmetic,6
7,3,Arithmetic,6
7,3,Arithmetic,6
7,3,Arithmetic,6
7,3,Arithmetic,6
7,3,Arithmetic,6
7,3,Arithmetic,6
7,3,Arithmetic,6
7,3,Arithmetic,6
7,3,Arithmetic,6
7,3,Arithmetic,6
7,3,Arithmetic,6
7,3,Arithmetic,6
7,3,Arithmetic,6
8,1,Stroop,4
8,1,Stroop,4
8,1,Stroop,4
8,1,Stroop,4
8,1,Stroop,4
8,1,Stroop,4
8,1,Stroop,4
8,1,Stroop,4
8,1,Stroop,4
8,1,Stroop,4
8,1,Stroop,4
8,1,Stroop,4
8,1,Stroop,4
8,1,Stroop,4
8,1,Stroop,4
8,1,Stroop,4
8,1,Stroop,4
8,1,Stroop,4
8,1,Stroop,4
8,1,Stroop,4
8,1,Stroop,4
8,1,Stroop,4
8,1,Stroop,4
8,1,Stroop,4
8,1,Relax,0
8,1,Relax,0
8,1,Relax,0
8,1,Relax,0
8,1,Relax,0
8,1,Relax,0
8,1,Relax,0
8,1,Relax,0
8,1,Relax,0
8,1,Relax,0
8,1,Relax,0
8,1,Relax,0
8,1,Relax,0
8,1,Relax,0
8,1,Relax,0
8,1,Relax,0
8,1,Relax,0
8,1,Relax,0
8,1,Relax,0
8,1,Relax,0
8,1,Relax,0
8,1,Relax,0
8,1,Relax,0
8,1,Relax,0
8,1,Mirror,5
8,1,Mirror,5
8,1,Mirror,5
8,1,Mirror,5
8,1,Mirror,5
8,1,Mirror,5
8,1,Mirror,5
8,1,Mirror,5
8,1,Mirror,5
8,1,Mirror,5
8,1,Mirror,5
8,1,Mirror,5
8,1,Mirror,5
8,1,Mirror,5
8,1,Mirror,5
8,1,Mirror,5
8,1,Mirror,5
8,1,Mirror,5
8,1,Mirror,5
8,1,Mirror,5
8,1,Mirror,5
8,1,Mirror,5
8,1,Mirror,5
8,1,Mirror,5
8,1,Arithmetic,3
8,1,Arithmetic,3
8,1,Arithmetic,3
8,1,Arithmetic,3
8,1,Arithmetic,3
8,1,Arithmetic,3
8,1,Arithmetic,3
8,1,Arithmetic,3
8,1,Arithmetic,3
8,1,Arithmetic,3
8,1,Arithmetic,3
8,1,Arithmetic,3
8,1,Arithmetic,3
8,1,Arithmetic,3
8,1,Arithmetic,3
8,1,Arithmetic,3
8,1,Arithmetic,3
8,1,Arithmetic,3
8,1,Arithmetic,3
8,1,Arithmetic,3
8,1,Arithmetic,3
8,1,Arithmetic,3
8,1,Arithmetic,3
8,1,Arithmetic,3
8,2,Stroop,3
8,2,Stroop,3
8,2,Stroop,3
8,2,Stroop,3
8,2,Stroop,3
8,2,Stroop,3
8,2,Stroop,3
8,2,Stroop,3
8,2,Stroop,3
8,2,Stroop,3
8,2,Stroop,3
8,2,Stroop,3
8,2,Stroop,3
8,2,Stroop,3
8,2,Stroop,3
8,2,Stroop,3
8,2,Stroop,3
8,2,Stroop,3
8,2,Stroop,3
8,2,Stroop,3
8,2,Stroop,3
8,2,Stroop,3
8,2,Stroop,3
8,2,Stroop,3
8,2,Mirror,6
8,2,Mirror,6
8,2,Mirror,6
8,2,Mirror,6
8,2,Mirror,6
8,2,Mirror,6
8,2,Mirror,6
8,2,Mirror,6
8,2,Mirror,6
8,2,Mirror,6
8,2,Mirror,6
8,2,Mirror,6
8,2,Mirror,6
8,2,Mirror,6
8,2,Mirror,6
8,2,Mirror,6
8,2,Mirror,6
8,2,Mirror,6
8,2,Mirror,6
8,2,Mirror,6
8,2,Mirror,6
8,2,Mirror,6
8,2,Mirror,6
8,2,Mirror,6
8,2,Relax,0
8,2,Relax,0
8,2,Relax,0
8,2,Relax,0
8,2,Relax,0
8,2,Relax,0
8,2,Relax,0
8,2,Relax,0
8,2,Relax,0
8,2,Relax,0
8,2,Relax,0
8,2,Relax,0
8,2,Relax,0
8,2,Relax,0
8,2,Relax,0
8,2,Relax,0
8,2,Relax,0
8,2,Relax,0
8,2,Relax,0
8,2,Relax,0
8,2,Relax,0
8,2,Relax,0
8,2,Relax,0
8,2,Relax,0
8,2,Arithmetic,6
8,2,Arithmetic,6
8,2,Arithmetic,6
8,2,Arithmetic,6
8,2,Arithmetic,6
8,2,Arithmetic,6
8,2,Arithmetic,6
8,2,Arithmetic,6
8,2,Arithmetic,6
8,2,Arithmetic,6
8,2,Arithmetic,6
8,2,Arithmetic,6
8,2,Arithmetic,6
8,2,Arithmetic,6
8,2,Arithmetic,6
8,2,Arithmetic,6
8,2,Arithmetic,6
8,2,Arithmetic,6
8,2,Arithmetic,6
8,2,Arithmetic,6
8,2,Arithmetic,6
8,2,Arithmetic,6
8,2,Arithmetic,6
8,2,Arithmetic,6
8,3,Stroop,3
8,3,Stroop,3
8,3,Stroop,3
8,3,Stroop,3
8,3,Stroop,3
8,3,Stroop,3
8,3,Stroop,3
8,3,Stroop,3
8,3,Stroop,3
8,3,Stroop,3
8,3,Stroop,3
8,3,Stroop,3
8,3,Stroop,3
8,3,Stroop,3
8,3,Stroop,3
8,3,Stroop,3
8,3,Stroop,3
8,3,Stroop,3
8,3,Stroop,3
8,3,Stroop,3
8,3,Stroop,3
8,3,Stroop,3
8,3,Stroop,3
8,3,Stroop,3
8,3,Mirror,6
8,3,Mirror,6
8,3,Mirror,6
8,3,Mirror,6
8,3,Mirror,6
8,3,Mirror,6
8,3,Mirror,6
8,3,Mirror,6
8,3,Mirror,6
8,3,Mirror,6
8,3,Mirror,6
8,3,Mirror,6
8,3,Mirror,6
8,3,Mirror,6
8,3,Mirror,6
8,3,Mirror,6
8,3,Mirror,6
8,3,Mirror,6
8,3,Mirror,6
8,3,Mirror,6
8,3,Mirror,6
8,3,Mirror,6
8,3,Mirror,6
8,3,Mirror,6
8,3,Relax,0
8,3,Relax,0
8,3,Relax,0
8,3,Relax,0
8,3,Relax,0
8,3,Relax,0
8,3,Relax,0
8,3,Relax,0
8,3,Relax,0
8,3,Relax,0
8,3,Relax,0
8,3,Relax,0
8,3,Relax,0
8,3,Relax,0
8,3,Relax,0
8,3,Relax,0
8,3,Relax,0
8,3,Relax,0
8,3,Relax,0
8,3,Relax,0
8,3,Relax,0
8,3,Relax,0
8,3,Relax,0
8,3,Relax,0
8,3,Arithmetic,5
8,3,Arithmetic,5
8,3,Arithmetic,5
8,3,Arithmetic,5
8,3,Arithmetic,5
8,3,Arithmetic,5
8,3,Arithmetic,5
8,3,Arithmetic,5
8,3,Arithmetic,5
8,3,Arithmetic,5
8,3,Arithmetic,5
8,3,Arithmetic,5
8,3,Arithmetic,5
8,3,Arithmetic,5
8,3,Arithmetic,5
8,3,Arithmetic,5
8,3,Arithmetic,5
8,3,Arithmetic,5
8,3,Arithmetic,5
8,3,Arithmetic,5
8,3,Arithmetic,5
8,3,Arithmetic,5
8,3,Arithmetic,5
8,3,Arithmetic,5
9,1,Arithmetic,3
9,1,Arithmetic,3
9,1,Arithmetic,3
9,1,Arithmetic,3
9,1,Arithmetic,3
9,1,Arithmetic,3
9,1,Arithmetic,3
9,1,Arithmetic,3
9,1,Arithmetic,3
9,1,Arithmetic,3
9,1,Arithmetic,3
9,1,Arithmetic,3
9,1,Arithmetic,3
9,1,Arithmetic,3
9,1,Arithmetic,3
9,1,Arithmetic,3
9,1,Arithmetic,3
9,1,Arithmetic,3
9,1,Arithmetic,3
9,1,Arithmetic,3
9,1,Arithmetic,3
9,1,Arithmetic,3
9,1,Arithmetic,3
9,1,Arithmetic,3
9,1,Relax,0
9,1,Relax,0
9,1,Relax,0
9,1,Relax,0
9,1,Relax,0
9,1,Relax,0
9,1,Relax,0
9,1,Relax,0
9,1,Relax,0
9,1,Relax,0
9,1,Relax,0
9,1,Relax,0
9,1,Relax,0
9,1,Relax,0
9,1,Relax,0
9,1,Relax,0
9,1,Relax,0
9,1,Relax,0
9,1,Relax,0
9,1,Relax,0
9,1,Relax,0
9,1,Relax,0
9,1,Relax,0
9,1,Relax,0
9,1,Mirror,6
9,1,Mirror,6
9,1,Mirror,6
9,1,Mirror,6
9,1,Mirror,6
9,1,Mirror,6
9,1,Mirror,6
9,1,Mirror,6
9,1,Mirror,6
9,1,Mirror,6
9,1,Mirror,6
9,1,Mirror,6
9,1,Mirror,6
9,1,Mirror,6
9,1,Mirror,6
9,1,Mirror,6
9,1,Mirror,6
9,1,Mirror,6
9,1,Mirror,6
9,1,Mirror,6
9,1,Mirror,6
9,1,Mirror,6
9,1,Mirror,6
9,1,Mirror,6
9,1,Stroop,4
9,1,Stroop,4
9,1,Stroop,4
9,1,Stroop,4
9,1,Stroop,4
9,1,Stroop,4
9,1,Stroop,4
9,1,Stroop,4
9,1,Stroop,4
9,1,Stroop,4
9,1,Stroop,4
9,1,Stroop,4
9,1,Stroop,4
9,1,Stroop,4
9,1,Stroop,4
9,1,Stroop,4
9,1,Stroop,4
9,1,Stroop,4
9,1,Stroop,4
9,1,Stroop,4
9,1,Stroop,4
9,1,Stroop,4
9,1,Stroop,4
9,1,Stroop,4
9,2,Arithmetic,4
9,2,Arithmetic,4
9,2,Arithmetic,4
9,2,Arithmetic,4
9,2,Arithmetic,4
9,2,Arithmetic,4
9,2,Arithmetic,4
9,2,Arithmetic,4
9,2,Arithmetic,4
9,2,Arithmetic,4
9,2,Arithmetic,4
9,2,Arithmetic,4
9,2,Arithmetic,4
9,2,Arithmetic,4
9,2,Arithmetic,4
9,2,Arithmetic,4
9,2,Arithmetic,4
9,2,Arithmetic,4
9,2,Arithmetic,4
9,2,Arithmetic,4
9,2,Arithmetic,4
9,2,Arithmetic,4
9,2,Arithmetic,4
9,2,Arithmetic,4
9,2,Mirror,4
9,2,Mirror,4
9,2,Mirror,4
9,2,Mirror,4
9,2,Mirror,4
9,2,Mirror,4
9,2,Mirror,4
9,2,Mirror,4
9,2,Mirror,4
9,2,Mirror,4
9,2,Mirror,4
9,2,Mirror,4
9,2,Mirror,4
9,2,Mirror,4
9,2,Mirror,4
9,2,Mirror,4
9,2,Mirror,4
9,2,Mirror,4
9,2,Mirror,4
9,2,Mirror,4
9,2,Mirror,4
9,2,Mirror,4
9,2,Mirror,4
9,2,Mirror,4
9,2,Relax,0
9,2,Relax,0
9,2,Relax,0
9,2,Relax,0
9,2,Relax,0
9,2,Relax,0
9,2,Relax,0
9,2,Relax,0
9,2,Relax,0
9,2,Relax,0
9,2,Relax,0
9,2,Relax,0
9,2,Relax,0
9,2,Relax,0
9,2,Relax,0
9,2,Relax,0
9,2,Relax,0
9,2,Relax,0
9,2,Relax,0
9,2,Relax,0
9,2,Relax,0
9,2,Relax,0
9,2,Relax,0
9,2,Relax,0
9,2,Stroop,4
9,2,Stroop,4
9,2,Stroop,4
9,2,Stroop,4
9,2,Stroop,4
9,2,Stroop,4
9,2,Stroop,4
9,2,Stroop,4
9,2,Stroop,4
9,2,Stroop,4
9,2,Stroop,4
9,2,Stroop,4
9,2,Stroop,4
9,2,Stroop,4
9,2,Stroop,4
9,2,Stroop,4
9,2,Stroop,4
9,2,Stroop,4
9,2,Stroop,4
9,2,Stroop,4
9,2,Stroop,4
9,2,Stroop,4
9,2,Stroop,4
9,2,Stroop,4
9,3,Arithmetic,7
9,3,Arithmetic,7
9,3,Arithmetic,7
9,3,Arithmetic,7
9,3,Arithmetic,7
9,3,Arithmetic,7
9,3,Arithmetic,7
9,3,Arithmetic,7
9,3,Arithmetic,7
9,3,Arithmetic,7
9,3,Arithmetic,7
9,3,Arithmetic,7
9,3,Arithmetic,7
9,3,Arithmetic,7
9,3,Arithmetic,7
9,3,Arithmetic,7
9,3,Arithmetic,7
9,3,Arithmetic,7
9,3,Arithmetic,7
9,3,Arithmetic,7
9,3,Arithmetic,7
9,3,Arithmetic,7
9,3,Arithmetic,7
9,3,Arithmetic,7
9,3,Mirror,4
9,3,Mirror,4
9,3,Mirror,4
9,3,Mirror,4
9,3,Mirror,4
9,3,Mirror,4
9,3,Mirror,4
9,3,Mirror,4
9,3,Mirror,4
9,3,Mirror,4
9,3,Mirror,4
9,3,Mirror,4
9,3,Mirror,4
9,3,Mirror,4
9,3,Mirror,4
9,3,Mirror,4
9,3,Mirror,4
9,3,Mirror,4
9,3,Mirror,4
9,3,Mirror,4
9,3,Mirror,4
9,3,Mirror,4
9,3,Mirror,4
9,3,Mirror,4
9,3,Relax,0
9,3,Relax,0
9,3,Relax,0
9,3,Relax,0
9,3,Relax,0
9,3,Relax,0
9,3,Relax,0
9,3,Relax,0
9,3,Relax,0
9,3,Relax,0
9,3,Relax,0
9,3,Relax,0
9,3,Relax,0
9,3,Relax,0
9,3,Relax,0
9,3,Relax,0
9,3,Relax,0
9,3,Relax,0
9,3,Relax,0
9,3,Relax,0
9,3,Relax,0
9,3,Relax,0
9,3,Relax,0
9,3,Relax,0
9,3,Stroop,6
9,3,Stroop,6
9,3,Stroop,6
9,3,Stroop,6
9,3,Stroop,6
9,3,Stroop,6
9,3,Stroop,6
9,3,Stroop,6
9,3,Stroop,6
9,3,Stroop,6
9,3,Stroop,6
9,3,Stroop,6
9,3,Stroop,6
9,3,Stroop,6
9,3,Stroop,6
9,3,Stroop,6
9,3,Stroop,6
9,3,Stroop,6
9,3,Stroop,6
9,3,Stroop,6
9,3,Stroop,6
9,3,Stroop,6
9,3,Stroop,6
9,3,Stroop,6
10,1,Relax,0
10,1,Relax,0
10,1,Relax,0
10,1,Relax,0
10,1,Relax,0
10,1,Relax,0
10,1,Relax,0
10,1,Relax,0
10,1,Relax,0
10,1,Relax,0
10,1,Relax,0
10,1,Relax,0
10,1,Relax,0
10,1,Relax,0
10,1,Relax,0
10,1,Relax,0
10,1,Relax,0
10,1,Relax,0
10,1,Relax,0
10,1,Relax,0
10,1,Relax,0
10,1,Relax,0
10,1,Relax,0
10,1,Relax,0
10,1,Stroop,4
10,1,Stroop,4
10,1,Stroop,4
10,1,Stroop,4
10,1,Stroop,4
10,1,Stroop,4
10,1,Stroop,4
10,1,Stroop,4
10,1,Stroop,4
10,1,Stroop,4
10,1,Stroop,4
10,1,Stroop,4
10,1,Stroop,4
10,1,Stroop,4
10,1,Stroop,4
10,1,Stroop,4
10,1,Stroop,4
10,1,Stroop,4
10,1,Stroop,4
10,1,Stroop,4
10,1,Stroop,4
10,1,Stroop,4
10,1,Stroop,4
10,1,Stroop,4
10,1,Arithmetic,3
10,1,Arithmetic,3
10,1,Arithmetic,3
10,1,Arithmetic,3
10,1,Arithmetic,3
10,1,Arithmetic,3
10,1,Arithmetic,3
10,1,Arithmetic,3
10,1,Arithmetic,3
10,1,Arithmetic,3
10,1,Arithmetic,3
10,1,Arithmetic,3
10,1,Arithmetic,3
10,1,Arithmetic,3
10,1,Arithmetic,3
10,1,Arithmetic,3
10,1,Arithmetic,3
10,1,Arithmetic,3
10,1,Arithmetic,3
10,1,Arithmetic,3
10,1,Arithmetic,3
10,1,Arithmetic,3
10,1,Arithmetic,3
10,1,Arithmetic,3
10,1,Mirror,4
10,1,Mirror,4
10,1,Mirror,4
10,1,Mirror,4
10,1,Mirror,4
10,1,Mirror,4
10,1,Mirror,4
10,1,Mirror,4
10,1,Mirror,4
10,1,Mirror,4
10,1,Mirror,4
10,1,Mirror,4
10,1,Mirror,4
10,1,Mirror,4
10,1,Mirror,4
10,1,Mirror,4
10,1,Mirror,4
10,1,Mirror,4
10,1,Mirror,4
10,1,Mirror,4
10,1,Mirror,4
10,1,Mirror,4
10,1,Mirror,4
10,1,Mirror,4
10,2,Relax,0
10,2,Relax,0
10,2,Relax,0
10,2,Relax,0
10,2,Relax,0
10,2,Relax,0
10,2,Relax,0
10,2,Relax,0
10,2,Relax,0
10,2,Relax,0
10,2,Relax,0
10,2,Relax,0
10,2,Relax,0
10,2,Relax,0
10,2,Relax,0
10,2,Relax,0
10,2,Relax,0
10,2,Relax,0
10,2,Relax,0
10,2,Relax,0
10,2,Relax,0
10,2,Relax,0
10,2,Relax,0
10,2,Relax,0
10,2,Stroop,3
10,2,Stroop,3
10,2,Stroop,3
10,2,Stroop,3
10,2,Stroop,3
10,2,Stroop,3
10,2,Stroop,3
10,2,Stroop,3
10,2,Stroop,3
10,2,Stroop,3
10,2,Stroop,3
10,2,Stroop,3
10,2,Stroop,3
10,2,Stroop,3
10,2,Stroop,3
10,2,Stroop,3
10,2,Stroop,3
10,2,Stroop,3
10,2,Stroop,3
10,2,Stroop,3
10,2,Stroop,3
10,2,Stroop,3
10,2,Stroop,3
10,2,Stroop,3
10,2,Arithmetic,4
10,2,Arithmetic,4
10,2,Arithmetic,4
10,2,Arithmetic,4
10,2,Arithmetic,4
10,2,Arithmetic,4
10,2,Arithmetic,4
10,2,Arithmetic,4
10,2,Arithmetic,4
10,2,Arithmetic,4
10,2,Arithmetic,4
10,2,Arithmetic,4
10,2,Arithmetic,4
10,2,Arithmetic,4
10,2,Arithmetic,4
10,2,Arithmetic,4
10,2,Arithmetic,4
10,2,Arithmetic,4
10,2,Arithmetic,4
10,2,Arithmetic,4
10,2,Arithmetic,4
10,2,Arithmetic,4
10,2,Arithmetic,4
10,2,Arithmetic,4
10,2,Mirror,5
10,2,Mirror,5
10,2,Mirror,5
10,2,Mirror,5
10,2,Mirror,5
10,2,Mirror,5
10,2,Mirror,5
10,2,Mirror,5
10,2,Mirror,5
10,2,Mirror,5
10,2,Mirror,5
10,2,Mirror,5
10,2,Mirror,5
10,2,Mirror,5
10,2,Mirror,5
10,2,Mirror,5
10,2,Mirror,5
10,2,Mirror,5
10,2,Mirror,5
10,2,Mirror,5
10,2,Mirror,5
10,2,Mirror,5
10,2,Mirror,5
10,2,Mirror,5
10,3,Relax,0
10,3,Relax,0
10,3,Relax,0
10,3,Relax,0
10,3,Relax,0
10,3,Relax,0
10,3,Relax,0
10,3,Relax,0
10,3,Relax,0
10,3,Relax,0
10,3,Relax,0
10,3,Relax,0
10,3,Relax,0
10,3,Relax,0
10,3,Relax,0
10,3,Relax,0
10,3,Relax,0
10,3,Relax,0
10,3,Relax,0
10,3,Relax,0
10,3,Relax,0
10,3,Relax,0
10,3,Relax,0
10,3,Relax,0
10,3,Stroop,5
10,3,Stroop,5
10,3,Stroop,5
10,3,Stroop,5
10,3,Stroop,5
10,3,Stroop,5
10,3,Stroop,5
10,3,Stroop,5
10,3,Stroop,5
10,3,Stroop,5
10,3,Stroop,5
10,3,Stroop,5
10,3,Stroop,5
10,3,Stroop,5
10,3,Stroop,5
10,3,Stroop,5
10,3,Stroop,5
10,3,Stroop,5
10,3,Stroop,5
10,3,Stroop,5
10,3,Stroop,5
10,3,Stroop,5
10,3,Stroop,5
10,3,Stroop,5
10,3,Mirror,4
10,3,Mirror,4
10,3,Mirror,4
10,3,Mirror,4
10,3,Mirror,4
10,3,Mirror,4
10,3,Mirror,4
10,3,Mirror,4
10,3,Mirror,4
10,3,Mirror,4
10,3,Mirror,4
10,3,Mirror,4
10,3,Mirror,4
10,3,Mirror,4
10,3,Mirror,4
10,3,Mirror,4
10,3,Mirror,4
10,3,Mirror,4
10,3,Mirror,4
10,3,Mirror,4
10,3,Mirror,4
10,3,Mirror,4
10,3,Mirror,4
10,3,Mirror,4
10,3,Arithmetic,6
10,3,Arithmetic,6
10,3,Arithmetic,6
10,3,Arithmetic,6
10,3,Arithmetic,6
10,3,Arithmetic,6
10,3,Arithmetic,6
10,3,Arithmetic,6
10,3,Arithmetic,6
10,3,Arithmetic,6
10,3,Arithmetic,6
10,3,Arithmetic,6
10,3,Arithmetic,6
10,3,Arithmetic,6
10,3,Arithmetic,6
10,3,Arithmetic,6
10,3,Arithmetic,6
10,3,Arithmetic,6
10,3,Arithmetic,6
10,3,Arithmetic,6
10,3,Arithmetic,6
10,3,Arithmetic,6
10,3,Arithmetic,6
10,3,Arithmetic,6
11,1,Arithmetic,7
11,1,Arithmetic,7
11,1,Arithmetic,7
11,1,Arithmetic,7
11,1,Arithmetic,7
11,1,Arithmetic,7
11,1,Arithmetic,7
11,1,Arithmetic,7
11,1,Arithmetic,7
11,1,Arithmetic,7
11,1,Arithmetic,7
11,1,Arithmetic,7
11,1,Arithmetic,7
11,1,Arithmetic,7
11,1,Arithmetic,7
11,1,Arithmetic,7
11,1,Arithmetic,7
11,1,Arithmetic,7
11,1,Arithmetic,7
11,1,Arithmetic,7
11,1,Arithmetic,7
11,1,Arithmetic,7
11,1,Arithmetic,7
11,1,Arithmetic,7
11,1,Mirror,3
11,1,Mirror,3
11,1,Mirror,3
11,1,Mirror,3
11,1,Mirror,3
11,1,Mirror,3
11,1,Mirror,3
11,1,Mirror,3
11,1,Mirror,3
11,1,Mirror,3
11,1,Mirror,3
11,1,Mirror,3
11,1,Mirror,3
11,1,Mirror,3
11,1,Mirror,3
11,1,Mirror,3
11,1,Mirror,3
11,1,Mirror,3
11,1,Mirror,3
11,1,Mirror,3
11,1,Mirror,3
11,1,Mirror,3
11,1,Mirror,3
11,1,Mirror,3
11,1,Relax,0
11,1,Relax,0
11,1,Relax,0
11,1,Relax,0
11,1,Relax,0
11,1,Relax,0
11,1,Relax,0
11,1,Relax,0
11,1,Relax,0
11,1,Relax,0
11,1,Relax,0
11,1,Relax,0
11,1,Relax,0
11,1,Relax,0
11,1,Relax,0
11,1,Relax,0
11,1,Relax,0
11,1,Relax,0
11,1,Relax,0
11,1,Relax,0
11,1,Relax,0
11,1,Relax,0
11,1,Relax,0
11,1,Relax,0
11,1,Stroop,4
11,1,Stroop,4
11,1,Stroop,4
11,1,Stroop,4
11,1,Stroop,4
11,1,Stroop,4
11,1,Stroop,4
11,1,Stroop,4
11,1,Stroop,4
11,1,Stroop,4
11,1,Stroop,4
11,1,Stroop,4
11,1,Stroop,4
11,1,Stroop,4
11,1,Stroop,4
11,1,Stroop,4
11,1,Stroop,4
11,1,Stroop,4
11,1,Stroop,4
11,1,Stroop,4
11,1,Stroop,4
11,1,Stroop,4
11,1,Stroop,4
11,1,Stroop,4
11,2,Arithmetic,6
11,2,Arithmetic,6
11,2,Arithmetic,6
11,2,Arithmetic,6
11,2,Arithmetic,6
11,2,Arithmetic,6
11,2,Arithmetic,6
11,2,Arithmetic,6
11,2,Arithmetic,6
11,2,Arithmetic,6
11,2,Arithmetic,6
11,2,Arithmetic,6
11,2,Arithmetic,6
11,2,Arithmetic,6
11,2,Arithmetic,6
11,2,Arithmetic,6
11,2,Arithmetic,6
11,2,Arithmetic,6
11,2,Arithmetic,6
11,2,Arithmetic,6
11,2,Arithmetic,6
11,2,Arithmetic,6
11,2,Arithmetic,6
11,2,Arithmetic,6
11,2,Mirror,5
11,2,Mirror,5
11,2,Mirror,5
11,2,Mirror,5
11,2,Mirror,5
11,2,Mirror,5
11,2,Mirror,5
11,2,Mirror,5
11,2,Mirror,5
11,2,Mirror,5
11,2,Mirror,5
11,2,Mirror,5
11,2,Mirror,5
11,2,Mirror,5
11,2,Mirror,5
11,2,Mirror,5
11,2,Mirror,5
11,2,Mirror,5
11,2,Mirror,5
11,2,Mirror,5
11,2,Mirror,5
11,2,Mirror,5
11,2,Mirror,5
11,2,Mirror,5
11,2,Relax,0
11,2,Relax,0
11,2,Relax,0
11,2,Relax,0
11,2,Relax,0
11,2,Relax,0
11,2,Relax,0
11,2,Relax,0
11,2,Relax,0
11,2,Relax,0
11,2,Relax,0
11,2,Relax,0
11,2,Relax,0
11,2,Relax,0
11,2,Relax,0
11,2,Relax,0
11,2,Relax,0
11,2,Relax,0
11,2,Relax,0
11,2,Relax,0
11,2,Relax,0
11,2,Relax,0
11,2,Relax,0
11,2,Relax,0
11,2,Stroop,5
11,2,Stroop,5
11,2,Stroop,5
11,2,Stroop,5
11,2,Stroop,5
11,2,Stroop,5
11,2,Stroop,5
11,2,Stroop,5
11,2,Stroop,5
11,2,Stroop,5
11,2,Stroop,5
11,2,Stroop,5
11,2,Stroop,5
11,2,Stroop,5
11,2,Stroop,5
11,2,Stroop,5
11,2,Stroop,5
11,2,Stroop,5
11,2,Stroop,5
11,2,Stroop,5
11,2,Stroop,5
11,2,Stroop,5
11,2,Stroop,5
11,2,Stroop,5
11,3,Mirror,6
11,3,Mirror,6
11,3,Mirror,6
11,3,Mirror,6
11,3,Mirror,6
11,3,Mirror,6
11,3,Mirror,6
11,3,Mirror,6
11,3,Mirror,6
11,3,Mirror,6
11,3,Mirror,6
11,3,Mirror,6
11,3,Mirror,6
11,3,Mirror,6
11,3,Mirror,6
11,3,Mirror,6
11,3,Mirror,6
11,3,Mirror,6
11,3,Mirror,6
11,3,Mirror,6
11,3,Mirror,6
11,3,Mirror,6
11,3,Mirror,6
11,3,Mirror,6
11,3,Arithmetic,5
11,3,Arithmetic,5
11,3,Arithmetic,5
11,3,Arithmetic,5
11,3,Arithmetic,5
11,3,Arithmetic,5
11,3,Arithmetic,5
11,3,Arithmetic,5
11,3,Arithmetic,5
11,3,Arithmetic,5
11,3,Arithmetic,5
11,3,Arithmetic,5
11,3,Arithmetic,5
11,3,Arithmetic,5
11,3,Arithmetic,5
11,3,Arithmetic,5
11,3,Arithmetic,5
11,3,Arithmetic,5
11,3,Arithmetic,5
11,3,Arithmetic,5
11,3,Arithmetic,5
11,3,Arithmetic,5
11,3,Arithmetic,5
11,3,Arithmetic,5
11,3,Relax,0
11,3,Relax,0
11,3,Relax,0
11,3,Relax,0
11,3,Relax,0
11,3,Relax,0
11,3,Relax,0
11,3,Relax,0
11,3,Relax,0
11,3,Relax,0
11,3,Relax,0
11,3,Relax,0
11,3,Relax,0
11,3,Relax,0
11,3,Relax,0
11,3,Relax,0
11,3,Relax,0
11,3,Relax,0
11,3,Relax,0
11,3,Relax,0
11,3,Relax,0
11,3,Relax,0
11,3,Relax,0
11,3,Relax,0
11,3,Stroop,5
11,3,Stroop,5
11,3,Stroop,5
11,3,Stroop,5
11,3,Stroop,5
11,3,Stroop,5
11,3,Stroop,5
11,3,Stroop,5
11,3,Stroop,5
11,3,Stroop,5
11,3,Stroop,5
11,3,Stroop,5
11,3,Stroop,5
11,3,Stroop,5
11,3,Stroop,5
11,3,Stroop,5
11,3,Stroop,5
11,3,Stroop,5
11,3,Stroop,5
11,3,Stroop,5
11,3,Stroop,5
11,3,Stroop,5
11,3,Stroop,5
11,3,Stroop,5
12,1,Stroop,2
12,1,Stroop,2
12,1,Stroop,2
12,1,Stroop,2
12,1,Stroop,2
12,1,Stroop,2
12,1,Stroop,2
12,1,Stroop,2
12,1,Stroop,2
12,1,Stroop,2
12,1,Stroop,2
12,1,Stroop,2
12,1,Stroop,2
12,1,Stroop,2
12,1,Stroop,2
12,1,Stroop,2
12,1,Stroop,2
12,1,Stroop,2
12,1,Stroop,2
12,1,Stroop,2
12,1,Stroop,2
12,1,Stroop,2
12,1,Stroop,2
12,1,Stroop,2
12,1,Relax,0
12,1,Relax,0
12,1,Relax,0
12,1,Relax,0
12,1,Relax,0
12,1,Relax,0
12,1,Relax,0
12,1,Relax,0
12,1,Relax,0
12,1,Relax,0
12,1,Relax,0
12,1,Relax,0
12,1,Relax,0
12,1,Relax,0
12,1,Relax,0
12,1,Relax,0
12,1,Relax,0
12,1,Relax,0
12,1,Relax,0
12,1,Relax,0
12,1,Relax,0
12,1,Relax,0
12,1,Relax,0
12,1,Relax,0
12,1,Mirror,7
12,1,Mirror,7
12,1,Mirror,7
12,1,Mirror,7
12,1,Mirror,7
12,1,Mirror,7
12,1,Mirror,7
12,1,Mirror,7
12,1,Mirror,7
12,1,Mirror,7
12,1,Mirror,7
12,1,Mirror,7
12,1,Mirror,7
12,1,Mirror,7
12,1,Mirror,7
12,1,Mirror,7
12,1,Mirror,7
12,1,Mirror,7
12,1,Mirror,7
12,1,Mirror,7
12,1,Mirror,7
12,1,Mirror,7
12,1,Mirror,7
12,1,Mirror,7
12,1,Arithmetic,5
12,1,Arithmetic,5
12,1,Arithmetic,5
12,1,Arithmetic,5
12,1,Arithmetic,5
12,1,Arithmetic,5
12,1,Arithmetic,5
12,1,Arithmetic,5
12,1,Arithmetic,5
12,1,Arithmetic,5
12,1,Arithmetic,5
12,1,Arithmetic,5
12,1,Arithmetic,5
12,1,Arithmetic,5
12,1,Arithmetic,5
12,1,Arithmetic,5
12,1,Arithmetic,5
12,1,Arithmetic,5
12,1,Arithmetic,5
12,1,Arithmetic,5
12,1,Arithmetic,5
12,1,Arithmetic,5
12,1,Arithmetic,5
12,1,Arithmetic,5
12,2,Stroop,5
12,2,Stroop,5
12,2,Stroop,5
12,2,Stroop,5
12,2,Stroop,5
12,2,Stroop,5
12,2,Stroop,5
12,2,Stroop,5
12,2,Stroop,5
12,2,Stroop,5
12,2,Stroop,5
12,2,Stroop,5
12,2,Stroop,5
12,2,Stroop,5
12,2,Stroop,5
12,2,Stroop,5
12,2,Stroop,5
12,2,Stroop,5
12,2,Stroop,5
12,2,Stroop,5
12,2,Stroop,5
12,2,Stroop,5
12,2,Stroop,5
12,2,Stroop,5
12,2,Relax,0
12,2,Relax,0
12,2,Relax,0
12,2,Relax,0
12,2,Relax,0
12,2,Relax,0
12,2,Relax,0
12,2,Relax,0
12,2,Relax,0
12,2,Relax,0
12,2,Relax,0
12,2,Relax,0
12,2,Relax,0
12,2,Relax,0
12,2,Relax,0
12,2,Relax,0
12,2,Relax,0
12,2,Relax,0
12,2,Relax,0
12,2,Relax,0
12,2,Relax,0
12,2,Relax,0
12,2,Relax,0
12,2,Relax,0
12,2,Mirror,4
12,2,Mirror,4
12,2,Mirror,4
12,2,Mirror,4
12,2,Mirror,4
12,2,Mirror,4
12,2,Mirror,4
12,2,Mirror,4
12,2,Mirror,4
12,2,Mirror,4
12,2,Mirror,4
12,2,Mirror,4
12,2,Mirror,4
12,2,Mirror,4
12,2,Mirror,4
12,2,Mirror,4
12,2,Mirror,4
12,2,Mirror,4
12,2,Mirror,4
12,2,Mirror,4
12,2,Mirror,4
12,2,Mirror,4
12,2,Mirror,4
12,2,Mirror,4
12,2,Arithmetic,5
12,2,Arithmetic,5
12,2,Arithmetic,5
12,2,Arithmetic,5
12,2,Arithmetic,5
12,2,Arithmetic,5
12,2,Arithmetic,5
12,2,Arithmetic,5
12,2,Arithmetic,5
12,2,Arithmetic,5
12,2,Arithmetic,5
12,2,Arithmetic,5
12,2,Arithmetic,5
12,2,Arithmetic,5
12,2,Arithmetic,5
12,2,Arithmetic,5
12,2,Arithmetic,5
12,2,Arithmetic,5
12,2,Arithmetic,5
12,2,Arithmetic,5
12,2,Arithmetic,5
12,2,Arithmetic,5
12,2,Arithmetic,5
12,2,Arithmetic,5
12,3,Stroop,3
12,3,Stroop,3
12,3,Stroop,3
12,3,Stroop,3
12,3,Stroop,3
12,3,Stroop,3
12,3,Stroop,3
12,3,Stroop,3
12,3,Stroop,3
12,3,Stroop,3
12,3,Stroop,3
12,3,Stroop,3
12,3,Stroop,3
12,3,Stroop,3
12,3,Stroop,3
12,3,Stroop,3
12,3,Stroop,3
12,3,Stroop,3
12,3,Stroop,3
12,3,Stroop,3
12,3,Stroop,3
12,3,Stroop,3
12,3,Stroop,3
12,3,Stroop,3
12,3,Relax,0
12,3,Relax,0
12,3,Relax,0
12,3,Relax,0
12,3,Relax,0
12,3,Relax,0
12,3,Relax,0
12,3,Relax,0
12,3,Relax,0
12,3,Relax,0
12,3,Relax,0
12,3,Relax,0
12,3,Relax,0
12,3,Relax,0
12,3,Relax,0
12,3,Relax,0
12,3,Relax,0
12,3,Relax,0
12,3,Relax,0
12,3,Relax,0
12,3,Relax,0
12,3,Relax,0
12,3,Relax,0
12,3,Relax,0
12,3,Arithmetic,8
12,3,Arithmetic,8
12,3,Arithmetic,8
12,3,Arithmetic,8
12,3,Arithmetic,8
12,3,Arithmetic,8
12,3,Arithmetic,8
12,3,Arithmetic,8
12,3,Arithmetic,8
12,3,Arithmetic,8
12,3,Arithmetic,8
12,3,Arithmetic,8
12,3,Arithmetic,8
12,3,Arithmetic,8
12,3,Arithmetic,8
12,3,Arithmetic,8
12,3,Arithmetic,8
12,3,Arithmetic,8
12,3,Arithmetic,8
12,3,Arithmetic,8
12,3,Arithmetic,8
12,3,Arithmetic,8
12,3,Arithmetic,8
12,3,Arithmetic,8
12,3,Mirror,6
12,3,Mirror,6
12,3,Mirror,6
12,3,Mirror,6
12,3,Mirror,6
12,3,Mirror,6
12,3,Mirror,6
12,3,Mirror,6
12,3,Mirror,6
12,3,Mirror,6
12,3,Mirror,6
12,3,Mirror,6
12,3,Mirror,6
12,3,Mirror,6
12,3,Mirror,6
12,3,Mirror,6
12,3,Mirror,6
12,3,Mirror,6
12,3,Mirror,6
12,3,Mirror,6
12,3,Mirror,6
12,3,Mirror,6
12,3,Mirror,6
12,3,Mirror,6
13,1,Mirror,5
13,1,Mirror,5
13,1,Mirror,5
13,1,Mirror,5
13,1,Mirror,5
13,1,Mirror,5
13,1,Mirror,5
13,1,Mirror,5
13,1,Mirror,5
13,1,Mirror,5
13,1,Mirror,5
13,1,Mirror,5
13,1,Mirror,5
13,1,Mirror,5
13,1,Mirror,5
13,1,Mirror,5
13,1,Mirror,5
13,1,Mirror,5
13,1,Mirror,5
13,1,Mirror,5
13,1,Mirror,5
13,1,Mirror,5
13,1,Mirror,5
13,1,Mirror,5
13,1,Arithmetic,3
13,1,Arithmetic,3
13,1,Arithmetic,3
13,1,Arithmetic,3
13,1,Arithmetic,3
13,1,Arithmetic,3
13,1,Arithmetic,3
13,1,Arithmetic,3
13,1,Arithmetic,3
13,1,Arithmetic,3
13,1,Arithmetic,3
13,1,Arithmetic,3
13,1,Arithmetic,3
13,1,Arithmetic,3
13,1,Arithmetic,3
13,1,Arithmetic,3
13,1,Arithmetic,3
13,1,Arithmetic,3
13,1,Arithmetic,3
13,1,Arithmetic,3
13,1,Arithmetic,3
13,1,Arithmetic,3
13,1,Arithmetic,3
13,1,Arithmetic,3
13,1,Stroop,3
13,1,Stroop,3
13,1,Stroop,3
13,1,Stroop,3
13,1,Stroop,3
13,1,Stroop,3
13,1,Stroop,3
13,1,Stroop,3
13,1,Stroop,3
13,1,Stroop,3
13,1,Stroop,3
13,1,Stroop,3
13,1,Stroop,3
13,1,Stroop,3
13,1,Stroop,3
13,1,Stroop,3
13,1,Stroop,3
13,1,Stroop,3
13,1,Stroop,3
13,1,Stroop,3
13,1,Stroop,3
13,1,Stroop,3
13,1,Stroop,3
13,1,Stroop,3
13,1,Relax,0
13,1,Relax,0
13,1,Relax,0
13,1,Relax,0
13,1,Relax,0
13,1,Relax,0
13,1,Relax,0
13,1,Relax,0
13,1,Relax,0
13,1,Relax,0
13,1,Relax,0
13,1,Relax,0
13,1,Relax,0
13,1,Relax,0
13,1,Relax,0
13,1,Relax,0
13,1,Relax,0
13,1,Relax,0
13,1,Relax,0
13,1,Relax,0
13,1,Relax,0
13,1,Relax,0
13,1,Relax,0
13,1,Relax,0
13,2,Mirror,4
13,2,Mirror,4
13,2,Mirror,4
13,2,Mirror,4
13,2,Mirror,4
13,2,Mirror,4
13,2,Mirror,4
13,2,Mirror,4
13,2,Mirror,4
13,2,Mirror,4
13,2,Mirror,4
13,2,Mirror,4
13,2,Mirror,4
13,2,Mirror,4
13,2,Mirror,4
13,2,Mirror,4
13,2,Mirror,4
13,2,Mirror,4
13,2,Mirror,4
13,2,Mirror,4
13,2,Mirror,4
13,2,Mirror,4
13,2,Mirror,4
13,2,Mirror,4
13,2,Arithmetic,3
13,2,Arithmetic,3
13,2,Arithmetic,3
13,2,Arithmetic,3
13,2,Arithmetic,3
13,2,Arithmetic,3
13,2,Arithmetic,3
13,2,Arithmetic,3
13,2,Arithmetic,3
13,2,Arithmetic,3
13,2,Arithmetic,3
13,2,Arithmetic,3
13,2,Arithmetic,3
13,2,Arithmetic,3
13,2,Arithmetic,3
13,2,Arithmetic,3
13,2,Arithmetic,3
13,2,Arithmetic,3
13,2,Arithmetic,3
13,2,Arithmetic,3
13,2,Arithmetic,3
13,2,Arithmetic,3
13,2,Arithmetic,3
13,2,Arithmetic,3
13,2,Stroop,2
13,2,Stroop,2
13,2,Stroop,2
13,2,Stroop,2
13,2,Stroop,2
13,2,Stroop,2
13,2,Stroop,2
13,2,Stroop,2
13,2,Stroop,2
13,2,Stroop,2
13,2,Stroop,2
13,2,Stroop,2
13,2,Stroop,2
13,2,Stroop,2
13,2,Stroop,2
13,2,Stroop,2
13,2,Stroop,2
13,2,Stroop,2
13,2,Stroop,2
13,2,Stroop,2
13,2,Stroop,2
13,2,Stroop,2
13,2,Stroop,2
13,2,Stroop,2
13,2,Relax,0
13,2,Relax,0
13,2,Relax,0
13,2,Relax,0
13,2,Relax,0
13,2,Relax,0
13,2,Relax,0
13,2,Relax,0
13,2,Relax,0
13,2,Relax,0
13,2,Relax,0
13,2,Relax,0
13,2,Relax,0
13,2,Relax,0
13,2,Relax,0
13,2,Relax,0
13,2,Relax,0
13,2,Relax,0
13,2,Relax,0
13,2,Relax,0
13,2,Relax,0
13,2,Relax,0
13,2,Relax,0
13,2,Relax,0
13,3,Arithmetic,3
13,3,Arithmetic,3
13,3,Arithmetic,3
13,3,Arithmetic,3
13,3,Arithmetic,3
13,3,Arithmetic,3
13,3,Arithmetic,3
13,3,Arithmetic,3
13,3,Arithmetic,3
13,3,Arithmetic,3
13,3,Arithmetic,3
13,3,Arithmetic,3
13,3,Arithmetic,3
13,3,Arithmetic,3
13,3,Arithmetic,3
13,3,Arithmetic,3
13,3,Arithmetic,3
13,3,Arithmetic,3
13,3,Arithmetic,3
13,3,Arithmetic,3
13,3,Arithmetic,3
13,3,Arithmetic,3
13,3,Arithmetic,3
13,3,Arithmetic,3
13,3,Mirror,5
13,3,Mirror,5
13,3,Mirror,5
13,3,Mirror,5
13,3,Mirror,5
13,3,Mirror,5
13,3,Mirror,5
13,3,Mirror,5
13,3,Mirror,5
13,3,Mirror,5
13,3,Mirror,5
13,3,Mirror,5
13,3,Mirror,5
13,3,Mirror,5
13,3,Mirror,5
13,3,Mirror,5
13,3,Mirror,5
13,3,Mirror,5
13,3,Mirror,5
13,3,Mirror,5
13,3,Mirror,5
13,3,Mirror,5
13,3,Mirror,5
13,3,Mirror,5
13,3,Stroop,1
13,3,Stroop,1
13,3,Stroop,1
13,3,Stroop,1
13,3,Stroop,1
13,3,Stroop,1
13,3,Stroop,1
13,3,Stroop,1
13,3,Stroop,1
13,3,Stroop,1
13,3,Stroop,1
13,3,Stroop,1
13,3,Stroop,1
13,3,Stroop,1
13,3,Stroop,1
13,3,Stroop,1
13,3,Stroop,1
13,3,Stroop,1
13,3,Stroop,1
13,3,Stroop,1
13,3,Stroop,1
13,3,Stroop,1
13,3,Stroop,1
13,3,Stroop,1
13,3,Relax,0
13,3,Relax,0
13,3,Relax,0
13,3,Relax,0
13,3,Relax,0
13,3,Relax,0
13,3,Relax,0
13,3,Relax,0
13,3,Relax,0
13,3,Relax,0
13,3,Relax,0
13,3,Relax,0
13,3,Relax,0
13,3,Relax,0
13,3,Relax,0
13,3,Relax,0
13,3,Relax,0
13,3,Relax,0
13,3,Relax,0
13,3,Relax,0
13,3,Relax,0
13,3,Relax,0
13,3,Relax,0
13,3,Relax,0
14,1,Arithmetic,3
14,1,Arithmetic,3
14,1,Arithmetic,3
14,1,Arithmetic,3
14,1,Arithmetic,3
14,1,Arithmetic,3
14,1,Arithmetic,3
14,1,Arithmetic,3
14,1,Arithmetic,3
14,1,Arithmetic,3
14,1,Arithmetic,3
14,1,Arithmetic,3
14,1,Arithmetic,3
14,1,Arithmetic,3
14,1,Arithmetic,3
14,1,Arithmetic,3
14,1,Arithmetic,3
14,1,Arithmetic,3
14,1,Arithmetic,3
14,1,Arithmetic,3
14,1,Arithmetic,3
14,1,Arithmetic,3
14,1,Arithmetic,3
14,1,Arithmetic,3
14,1,Mirror,4
14,1,Mirror,4
14,1,Mirror,4
14,1,Mirror,4
14,1,Mirror,4
14,1,Mirror,4
14,1,Mirror,4
14,1,Mirror,4
14,1,Mirror,4
14,1,Mirror,4
14,1,Mirror,4
14,1,Mirror,4
14,1,Mirror,4
14,1,Mirror,4
14,1,Mirror,4
14,1,Mirror,4
14,1,Mirror,4
14,1,Mirror,4
14,1,Mirror,4
14,1,Mirror,4
14,1,Mirror,4
14,1,Mirror,4
14,1,Mirror,4
14,1,Mirror,4
14,1,Relax,0
14,1,Relax,0
14,1,Relax,0
14,1,Relax,0
14,1,Relax,0
14,1,Relax,0
14,1,Relax,0
14,1,Relax,0
14,1,Relax,0
14,1,Relax,0
14,1,Relax,0
14,1,Relax,0
14,1,Relax,0
14,1,Relax,0
14,1,Relax,0
14,1,Relax,0
14,1,Relax,0
14,1,Relax,0
14,1,Relax,0
14,1,Relax,0
14,1,Relax,0
14,1,Relax,0
14,1,Relax,0
14,1,Relax,0
14,1,Stroop,3
14,1,Stroop,3
14,1,Stroop,3
14,1,Stroop,3
14,1,Stroop,3
14,1,Stroop,3
14,1,Stroop,3
14,1,Stroop,3
14,1,Stroop,3
14,1,Stroop,3
14,1,Stroop,3
14,1,Stroop,3
14,1,Stroop,3
14,1,Stroop,3
14,1,Stroop,3
14,1,Stroop,3
14,1,Stroop,3
14,1,Stroop,3
14,1,Stroop,3
14,1,Stroop,3
14,1,Stroop,3
14,1,Stroop,3
14,1,Stroop,3
14,1,Stroop,3
14,2,Arithmetic,6
14,2,Arithmetic,6
14,2,Arithmetic,6
14,2,Arithmetic,6
14,2,Arithmetic,6
14,2,Arithmetic,6
14,2,Arithmetic,6
14,2,Arithmetic,6
14,2,Arithmetic,6
14,2,Arithmetic,6
14,2,Arithmetic,6
14,2,Arithmetic,6
14,2,Arithmetic,6
14,2,Arithmetic,6
14,2,Arithmetic,6
14,2,Arithmetic,6
14,2,Arithmetic,6
14,2,Arithmetic,6
14,2,Arithmetic,6
14,2,Arithmetic,6
14,2,Arithmetic,6
14,2,Arithmetic,6
14,2,Arithmetic,6
14,2,Arithmetic,6
14,2,Mirror,4
14,2,Mirror,4
14,2,Mirror,4
14,2,Mirror,4
14,2,Mirror,4
14,2,Mirror,4
14,2,Mirror,4
14,2,Mirror,4
14,2,Mirror,4
14,2,Mirror,4
14,2,Mirror,4
14,2,Mirror,4
14,2,Mirror,4
14,2,Mirror,4
14,2,Mirror,4
14,2,Mirror,4
14,2,Mirror,4
14,2,Mirror,4
14,2,Mirror,4
14,2,Mirror,4
14,2,Mirror,4
14,2,Mirror,4
14,2,Mirror,4
14,2,Mirror,4
14,2,Relax,0
14,2,Relax,0
14,2,Relax,0
14,2,Relax,0
14,2,Relax,0
14,2,Relax,0
14,2,Relax,0
14,2,Relax,0
14,2,Relax,0
14,2,Relax,0
14,2,Relax,0
14,2,Relax,0
14,2,Relax,0
14,2,Relax,0
14,2,Relax,0
14,2,Relax,0
14,2,Relax,0
14,2,Relax,0
14,2,Relax,0
14,2,Relax,0
14,2,Relax,0
14,2,Relax,0
14,2,Relax,0
14,2,Relax,0
14,2,Stroop,2
14,2,Stroop,2
14,2,Stroop,2
14,2,Stroop,2
14,2,Stroop,2
14,2,Stroop,2
14,2,Stroop,2
14,2,Stroop,2
14,2,Stroop,2
14,2,Stroop,2
14,2,Stroop,2
14,2,Stroop,2
14,2,Stroop,2
14,2,Stroop,2
14,2,Stroop,2
14,2,Stroop,2
14,2,Stroop,2
14,2,Stroop,2
14,2,Stroop,2
14,2,Stroop,2
14,2,Stroop,2
14,2,Stroop,2
14,2,Stroop,2
14,2,Stroop,2
14,3,Mirror,3
14,3,Mirror,3
14,3,Mirror,3
14,3,Mirror,3
14,3,Mirror,3
14,3,Mirror,3
14,3,Mirror,3
14,3,Mirror,3
14,3,Mirror,3
14,3,Mirror,3
14,3,Mirror,3
14,3,Mirror,3
14,3,Mirror,3
14,3,Mirror,3
14,3,Mirror,3
14,3,Mirror,3
14,3,Mirror,3
14,3,Mirror,3
14,3,Mirror,3
14,3,Mirror,3
14,3,Mirror,3
14,3,Mirror,3
14,3,Mirror,3
14,3,Mirror,3
14,3,Arithmetic,6
14,3,Arithmetic,6
14,3,Arithmetic,6
14,3,Arithmetic,6
14,3,Arithmetic,6
14,3,Arithmetic,6
14,3,Arithmetic,6
14,3,Arithmetic,6
14,3,Arithmetic,6
14,3,Arithmetic,6
14,3,Arithmetic,6
14,3,Arithmetic,6
14,3,Arithmetic,6
14,3,Arithmetic,6
14,3,Arithmetic,6
14,3,Arithmetic,6
14,3,Arithmetic,6
14,3,Arithmetic,6
14,3,Arithmetic,6
14,3,Arithmetic,6
14,3,Arithmetic,6
14,3,Arithmetic,6
14,3,Arithmetic,6
14,3,Arithmetic,6
14,3,Relax,0
14,3,Relax,0
14,3,Relax,0
14,3,Relax,0
14,3,Relax,0
14,3,Relax,0
14,3,Relax,0
14,3,Relax,0
14,3,Relax,0
14,3,Relax,0
14,3,Relax,0
14,3,Relax,0
14,3,Relax,0
14,3,Relax,0
14,3,Relax,0
14,3,Relax,0
14,3,Relax,0
14,3,Relax,0
14,3,Relax,0
14,3,Relax,0
14,3,Relax,0
14,3,Relax,0
14,3,Relax,0
14,3,Relax,0
14,3,Stroop,4
14,3,Stroop,4
14,3,Stroop,4
14,3,Stroop,4
14,3,Stroop,4
14,3,Stroop,4
14,3,Stroop,4
14,3,Stroop,4
14,3,Stroop,4
14,3,Stroop,4
14,3,Stroop,4
14,3,Stroop,4
14,3,Stroop,4
14,3,Stroop,4
14,3,Stroop,4
14,3,Stroop,4
14,3,Stroop,4
14,3,Stroop,4
14,3,Stroop,4
14,3,Stroop,4
14,3,Stroop,4
14,3,Stroop,4
14,3,Stroop,4
14,3,Stroop,4
15,1,Relax,0
15,1,Relax,0
15,1,Relax,0
15,1,Relax,0
15,1,Relax,0
15,1,Relax,0
15,1,Relax,0
15,1,Relax,0
15,1,Relax,0
15,1,Relax,0
15,1,Relax,0
15,1,Relax,0
15,1,Relax,0
15,1,Relax,0
15,1,Relax,0
15,1,Relax,0
15,1,Relax,0
15,1,Relax,0
15,1,Relax,0
15,1,Relax,0
15,1,Relax,0
15,1,Relax,0
15,1,Relax,0
15,1,Relax,0
15,1,Stroop,5
15,1,Stroop,5
15,1,Stroop,5
15,1,Stroop,5
15,1,Stroop,5
15,1,Stroop,5
15,1,Stroop,5
15,1,Stroop,5
15,1,Stroop,5
15,1,Stroop,5
15,1,Stroop,5
15,1,Stroop,5
15,1,Stroop,5
15,1,Stroop,5
15,1,Stroop,5
15,1,Stroop,5
15,1,Stroop,5
15,1,Stroop,5
15,1,Stroop,5
15,1,Stroop,5
15,1,Stroop,5
15,1,Stroop,5
15,1,Stroop,5
15,1,Stroop,5
15,1,Arithmetic,9
15,1,Arithmetic,9
15,1,Arithmetic,9
15,1,Arithmetic,9
15,1,Arithmetic,9
15,1,Arithmetic,9
15,1,Arithmetic,9
15,1,Arithmetic,9
15,1,Arithmetic,9
15,1,Arithmetic,9
15,1,Arithmetic,9
15,1,Arithmetic,9
15,1,Arithmetic,9
15,1,Arithmetic,9
15,1,Arithmetic,9
15,1,Arithmetic,9
15,1,Arithmetic,9
15,1,Arithmetic,9
15,1,Arithmetic,9
15,1,Arithmetic,9
15,1,Arithmetic,9
15,1,Arithmetic,9
15,1,Arithmetic,9
15,1,Arithmetic,9
15,1,Mirror,6
15,1,Mirror,6
15,1,Mirror,6
15,1,Mirror,6
15,1,Mirror,6
15,1,Mirror,6
15,1,Mirror,6
15,1,Mirror,6
15,1,Mirror,6
15,1,Mirror,6
15,1,Mirror,6
15,1,Mirror,6
15,1,Mirror,6
15,1,Mirror,6
15,1,Mirror,6
15,1,Mirror,6
15,1,Mirror,6
15,1,Mirror,6
15,1,Mirror,6
15,1,Mirror,6
15,1,Mirror,6
15,1,Mirror,6
15,1,Mirror,6
15,1,Mirror,6
15,2,Relax,0
15,2,Relax,0
15,2,Relax,0
15,2,Relax,0
15,2,Relax,0
15,2,Relax,0
15,2,Relax,0
15,2,Relax,0
15,2,Relax,0
15,2,Relax,0
15,2,Relax,0
15,2,Relax,0
15,2,Relax,0
15,2,Relax,0
15,2,Relax,0
15,2,Relax,0
15,2,Relax,0
15,2,Relax,0
15,2,Relax,0
15,2,Relax,0
15,2,Relax,0
15,2,Relax,0
15,2,Relax,0
15,2,Relax,0
15,2,Stroop,3
15,2,Stroop,3
15,2,Stroop,3
15,2,Stroop,3
15,2,Stroop,3
15,2,Stroop,3
15,2,Stroop,3
15,2,Stroop,3
15,2,Stroop,3
15,2,Stroop,3
15,2,Stroop,3
15,2,Stroop,3
15,2,Stroop,3
15,2,Stroop,3
15,2,Stroop,3
15,2,Stroop,3
15,2,Stroop,3
15,2,Stroop,3
15,2,Stroop,3
15,2,Stroop,3
15,2,Stroop,3
15,2,Stroop,3
15,2,Stroop,3
15,2,Stroop,3
15,2,Arithmetic,7
15,2,Arithmetic,7
15,2,Arithmetic,7
15,2,Arithmetic,7
15,2,Arithmetic,7
15,2,Arithmetic,7
15,2,Arithmetic,7
15,2,Arithmetic,7
15,2,Arithmetic,7
15,2,Arithmetic,7
15,2,Arithmetic,7
15,2,Arithmetic,7
15,2,Arithmetic,7
15,2,Arithmetic,7
15,2,Arithmetic,7
15,2,Arithmetic,7
15,2,Arithmetic,7
15,2,Arithmetic,7
15,2,Arithmetic,7
15,2,Arithmetic,7
15,2,Arithmetic,7
15,2,Arithmetic,7
15,2,Arithmetic,7
15,2,Arithmetic,7
15,2,Mirror,5
15,2,Mirror,5
15,2,Mirror,5
15,2,Mirror,5
15,2,Mirror,5
15,2,Mirror,5
15,2,Mirror,5
15,2,Mirror,5
15,2,Mirror,5
15,2,Mirror,5
15,2,Mirror,5
15,2,Mirror,5
15,2,Mirror,5
15,2,Mirror,5
15,2,Mirror,5
15,2,Mirror,5
15,2,Mirror,5
15,2,Mirror,5
15,2,Mirror,5
15,2,Mirror,5
15,2,Mirror,5
15,2,Mirror,5
15,2,Mirror,5
15,2,Mirror,5
15,3,Relax,0
15,3,Relax,0
15,3,Relax,0
15,3,Relax,0
15,3,Relax,0
15,3,Relax,0
15,3,Relax,0
15,3,Relax,0
15,3,Relax,0
15,3,Relax,0
15,3,Relax,0
15,3,Relax,0
15,3,Relax,0
15,3,Relax,0
15,3,Relax,0
15,3,Relax,0
15,3,Relax,0
15,3,Relax,0
15,3,Relax,0
15,3,Relax,0
15,3,Relax,0
15,3,Relax,0
15,3,Relax,0
15,3,Relax,0
15,3,Stroop,5
15,3,Stroop,5
15,3,Stroop,5
15,3,Stroop,5
15,3,Stroop,5
15,3,Stroop,5
15,3,Stroop,5
15,3,Stroop,5
15,3,Stroop,5
15,3,Stroop,5
15,3,Stroop,5
15,3,Stroop,5
15,3,Stroop,5
15,3,Stroop,5
15,3,Stroop,5
15,3,Stroop,5
15,3,Stroop,5
15,3,Stroop,5
15,3,Stroop,5
15,3,Stroop,5
15,3,Stroop,5
15,3,Stroop,5
15,3,Stroop,5
15,3,Stroop,5
15,3,Mirror,5
15,3,Mirror,5
15,3,Mirror,5
15,3,Mirror,5
15,3,Mirror,5
15,3,Mirror,5
15,3,Mirror,5
15,3,Mirror,5
15,3,Mirror,5
15,3,Mirror,5
15,3,Mirror,5
15,3,Mirror,5
15,3,Mirror,5
15,3,Mirror,5
15,3,Mirror,5
15,3,Mirror,5
15,3,Mirror,5
15,3,Mirror,5
15,3,Mirror,5
15,3,Mirror,5
15,3,Mirror,5
15,3,Mirror,5
15,3,Mirror,5
15,3,Mirror,5
15,3,Arithmetic,6
15,3,Arithmetic,6
15,3,Arithmetic,6
15,3,Arithmetic,6
15,3,Arithmetic,6
15,3,Arithmetic,6
15,3,Arithmetic,6
15,3,Arithmetic,6
15,3,Arithmetic,6
15,3,Arithmetic,6
15,3,Arithmetic,6
15,3,Arithmetic,6
15,3,Arithmetic,6
15,3,Arithmetic,6
15,3,Arithmetic,6
15,3,Arithmetic,6
15,3,Arithmetic,6
15,3,Arithmetic,6
15,3,Arithmetic,6
15,3,Arithmetic,6
15,3,Arithmetic,6
15,3,Arithmetic,6
15,3,Arithmetic,6
15,3,Arithmetic,6
16,1,Mirror,4
16,1,Mirror,4
16,1,Mirror,4
16,1,Mirror,4
16,1,Mirror,4
16,1,Mirror,4
16,1,Mirror,4
16,1,Mirror,4
16,1,Mirror,4
16,1,Mirror,4
16,1,Mirror,4
16,1,Mirror,4
16,1,Mirror,4
16,1,Mirror,4
16,1,Mirror,4
16,1,Mirror,4
16,1,Mirror,4
16,1,Mirror,4
16,1,Mirror,4
16,1,Mirror,4
16,1,Mirror,4
16,1,Mirror,4
16,1,Mirror,4
16,1,Mirror,4
16,1,Arithmetic,4
16,1,Arithmetic,4
16,1,Arithmetic,4
16,1,Arithmetic,4
16,1,Arithmetic,4
16,1,Arithmetic,4
16,1,Arithmetic,4
16,1,Arithmetic,4
16,1,Arithmetic,4
16,1,Arithmetic,4
16,1,Arithmetic,4
16,1,Arithmetic,4
16,1,Arithmetic,4
16,1,Arithmetic,4
16,1,Arithmetic,4
16,1,Arithmetic,4
16,1,Arithmetic,4
16,1,Arithmetic,4
16,1,Arithmetic,4
16,1,Arithmetic,4
16,1,Arithmetic,4
16,1,Arithmetic,4
16,1,Arithmetic,4
16,1,Arithmetic,4
16,1,Stroop,1
16,1,Stroop,1
16,1,Stroop,1
16,1,Stroop,1
16,1,Stroop,1
16,1,Stroop,1
16,1,Stroop,1
16,1,Stroop,1
16,1,Stroop,1
16,1,Stroop,1
16,1,Stroop,1
16,1,Stroop,1
16,1,Stroop,1
16,1,Stroop,1
16,1,Stroop,1
16,1,Stroop,1
16,1,Stroop,1
16,1,Stroop,1
16,1,Stroop,1
16,1,Stroop,1
16,1,Stroop,1
16,1,Stroop,1
16,1,Stroop,1
16,1,Stroop,1
16,1,Relax,0
16,1,Relax,0
16,1,Relax,0
16,1,Relax,0
16,1,Relax,0
16,1,Relax,0
16,1,Relax,0
16,1,Relax,0
16,1,Relax,0
16,1,Relax,0
16,1,Relax,0
16,1,Relax,0
16,1,Relax,0
16,1,Relax,0
16,1,Relax,0
16,1,Relax,0
16,1,Relax,0
16,1,Relax,0
16,1,Relax,0
16,1,Relax,0
16,1,Relax,0
16,1,Relax,0
16,1,Relax,0
16,1,Relax,0
16,2,Mirror,6
16,2,Mirror,6
16,2,Mirror,6
16,2,Mirror,6
16,2,Mirror,6
16,2,Mirror,6
16,2,Mirror,6
16,2,Mirror,6
16,2,Mirror,6
16,2,Mirror,6
16,2,Mirror,6
16,2,Mirror,6
16,2,Mirror,6
16,2,Mirror,6
16,2,Mirror,6
16,2,Mirror,6
16,2,Mirror,6
16,2,Mirror,6
16,2,Mirror,6
16,2,Mirror,6
16,2,Mirror,6
16,2,Mirror,6
16,2,Mirror,6
16,2,Mirror,6
16,2,Arithmetic,5
16,2,Arithmetic,5
16,2,Arithmetic,5
16,2,Arithmetic,5
16,2,Arithmetic,5
16,2,Arithmetic,5
16,2,Arithmetic,5
16,2,Arithmetic,5
16,2,Arithmetic,5
16,2,Arithmetic,5
16,2,Arithmetic,5
16,2,Arithmetic,5
16,2,Arithmetic,5
16,2,Arithmetic,5
16,2,Arithmetic,5
16,2,Arithmetic,5
16,2,Arithmetic,5
16,2,Arithmetic,5
16,2,Arithmetic,5
16,2,Arithmetic,5
16,2,Arithmetic,5
16,2,Arithmetic,5
16,2,Arithmetic,5
16,2,Arithmetic,5
16,2,Stroop,1
16,2,Stroop,1
16,2,Stroop,1
16,2,Stroop,1
16,2,Stroop,1
16,2,Stroop,1
16,2,Stroop,1
16,2,Stroop,1
16,2,Stroop,1
16,2,Stroop,1
16,2,Stroop,1
16,2,Stroop,1
16,2,Stroop,1
16,2,Stroop,1
16,2,Stroop,1
16,2,Stroop,1
16,2,Stroop,1
16,2,Stroop,1
16,2,Stroop,1
16,2,Stroop,1
16,2,Stroop,1
16,2,Stroop,1
16,2,Stroop,1
16,2,Stroop,1
16,2,Relax,0
16,2,Relax,0
16,2,Relax,0
16,2,Relax,0
16,2,Relax,0
16,2,Relax,0
16,2,Relax,0
16,2,Relax,0
16,2,Relax,0
16,2,Relax,0
16,2,Relax,0
16,2,Relax,0
16,2,Relax,0
16,2,Relax,0
16,2,Relax,0
16,2,Relax,0
16,2,Relax,0
16,2,Relax,0
16,2,Relax,0
16,2,Relax,0
16,2,Relax,0
16,2,Relax,0
16,2,Relax,0
16,2,Relax,0
16,3,Arithmetic,8
16,3,Arithmetic,8
16,3,Arithmetic,8
16,3,Arithmetic,8
16,3,Arithmetic,8
16,3,Arithmetic,8
16,3,Arithmetic,8
16,3,Arithmetic,8
16,3,Arithmetic,8
16,3,Arithmetic,8
16,3,Arithmetic,8
16,3,Arithmetic,8
16,3,Arithmetic,8
16,3,Arithmetic,8
16,3,Arithmetic,8
16,3,Arithmetic,8
16,3,Arithmetic,8
16,3,Arithmetic,8
16,3,Arithmetic,8
16,3,Arithmetic,8
16,3,Arithmetic,8
16,3,Arithmetic,8
16,3,Arithmetic,8
16,3,Arithmetic,8
16,3,Mirror,5
16,3,Mirror,5
16,3,Mirror,5
16,3,Mirror,5
16,3,Mirror,5
16,3,Mirror,5
16,3,Mirror,5
16,3,Mirror,5
16,3,Mirror,5
16,3,Mirror,5
16,3,Mirror,5
16,3,Mirror,5
16,3,Mirror,5
16,3,Mirror,5
16,3,Mirror,5
16,3,Mirror,5
16,3,Mirror,5
16,3,Mirror,5
16,3,Mirror,5
16,3,Mirror,5
16,3,Mirror,5
16,3,Mirror,5
16,3,Mirror,5
16,3,Mirror,5
16,3,Stroop,6
16,3,Stroop,6
16,3,Stroop,6
16,3,Stroop,6
16,3,Stroop,6
16,3,Stroop,6
16,3,Stroop,6
16,3,Stroop,6
16,3,Stroop,6
16,3,Stroop,6
16,3,Stroop,6
16,3,Stroop,6
16,3,Stroop,6
16,3,Stroop,6
16,3,Stroop,6
16,3,Stroop,6
16,3,Stroop,6
16,3,Stroop,6
16,3,Stroop,6
16,3,Stroop,6
16,3,Stroop,6
16,3,Stroop,6
16,3,Stroop,6
16,3,Stroop,6
16,3,Relax,0
16,3,Relax,0
16,3,Relax,0
16,3,Relax,0
16,3,Relax,0
16,3,Relax,0
16,3,Relax,0
16,3,Relax,0
16,3,Relax,0
16,3,Relax,0
16,3,Relax,0
16,3,Relax,0
16,3,Relax,0
16,3,Relax,0
16,3,Relax,0
16,3,Relax,0
16,3,Relax,0
16,3,Relax,0
16,3,Relax,0
16,3,Relax,0
16,3,Relax,0
16,3,Relax,0
16,3,Relax,0
16,3,Relax,0
17,1,Stroop,8
17,1,Stroop,8
17,1,Stroop,8
17,1,Stroop,8
17,1,Stroop,8
17,1,Stroop,8
17,1,Stroop,8
17,1,Stroop,8
17,1,Stroop,8
17,1,Stroop,8
17,1,Stroop,8
17,1,Stroop,8
17,1,Stroop,8
17,1,Stroop,8
17,1,Stroop,8
17,1,Stroop,8
17,1,Stroop,8
17,1,Stroop,8
17,1,Stroop,8
17,1,Stroop,8
17,1,Stroop,8
17,1,Stroop,8
17,1,Stroop,8
17,1,Stroop,8
17,1,Relax,0
17,1,Relax,0
17,1,Relax,0
17,1,Relax,0
17,1,Relax,0
17,1,Relax,0
17,1,Relax,0
17,1,Relax,0
17,1,Relax,0
17,1,Relax,0
17,1,Relax,0
17,1,Relax,0
17,1,Relax,0
17,1,Relax,0
17,1,Relax,0
17,1,Relax,0
17,1,Relax,0
17,1,Relax,0
17,1,Relax,0
17,1,Relax,0
17,1,Relax,0
17,1,Relax,0
17,1,Relax,0
17,1,Relax,0
17,1,Mirror,9
17,1,Mirror,9
17,1,Mirror,9
17,1,Mirror,9
17,1,Mirror,9
17,1,Mirror,9
17,1,Mirror,9
17,1,Mirror,9
17,1,Mirror,9
17,1,Mirror,9
17,1,Mirror,9
17,1,Mirror,9
17,1,Mirror,9
17,1,Mirror,9
17,1,Mirror,9
17,1,Mirror,9
17,1,Mirror,9
17,1,Mirror,9
17,1,Mirror,9
17,1,Mirror,9
17,1,Mirror,9
17,1,Mirror,9
17,1,Mirror,9
17,1,Mirror,9
17,1,Arithmetic,8
17,1,Arithmetic,8
17,1,Arithmetic,8
17,1,Arithmetic,8
17,1,Arithmetic,8
17,1,Arithmetic,8
17,1,Arithmetic,8
17,1,Arithmetic,8
17,1,Arithmetic,8
17,1,Arithmetic,8
17,1,Arithmetic,8
17,1,Arithmetic,8
17,1,Arithmetic,8
17,1,Arithmetic,8
17,1,Arithmetic,8
17,1,Arithmetic,8
17,1,Arithmetic,8
17,1,Arithmetic,8
17,1,Arithmetic,8
17,1,Arithmetic,8
17,1,Arithmetic,8
17,1,Arithmetic,8
17,1,Arithmetic,8
17,1,Arithmetic,8
17,2,Stroop,4
17,2,Stroop,4
17,2,Stroop,4
17,2,Stroop,4
17,2,Stroop,4
17,2,Stroop,4
17,2,Stroop,4
17,2,Stroop,4
17,2,Stroop,4
17,2,Stroop,4
17,2,Stroop,4
17,2,Stroop,4
17,2,Stroop,4
17,2,Stroop,4
17,2,Stroop,4
17,2,Stroop,4
17,2,Stroop,4
17,2,Stroop,4
17,2,Stroop,4
17,2,Stroop,4
17,2,Stroop,4
17,2,Stroop,4
17,2,Stroop,4
17,2,Stroop,4
17,2,Relax,0
17,2,Relax,0
17,2,Relax,0
17,2,Relax,0
17,2,Relax,0
17,2,Relax,0
17,2,Relax,0
17,2,Relax,0
17,2,Relax,0
17,2,Relax,0
17,2,Relax,0
17,2,Relax,0
17,2,Relax,0
17,2,Relax,0
17,2,Relax,0
17,2,Relax,0
17,2,Relax,0
17,2,Relax,0
17,2,Relax,0
17,2,Relax,0
17,2,Relax,0
17,2,Relax,0
17,2,Relax,0
17,2,Relax,0
17,2,Mirror,8
17,2,Mirror,8
17,2,Mirror,8
17,2,Mirror,8
17,2,Mirror,8
17,2,Mirror,8
17,2,Mirror,8
17,2,Mirror,8
17,2,Mirror,8
17,2,Mirror,8
17,2,Mirror,8
17,2,Mirror,8
17,2,Mirror,8
17,2,Mirror,8
17,2,Mirror,8
17,2,Mirror,8
17,2,Mirror,8
17,2,Mirror,8
17,2,Mirror,8
17,2,Mirror,8
17,2,Mirror,8
17,2,Mirror,8
17,2,Mirror,8
17,2,Mirror,8
17,2,Arithmetic,6
17,2,Arithmetic,6
17,2,Arithmetic,6
17,2,Arithmetic,6
17,2,Arithmetic,6
17,2,Arithmetic,6
17,2,Arithmetic,6
17,2,Arithmetic,6
17,2,Arithmetic,6
17,2,Arithmetic,6
17,2,Arithmetic,6
17,2,Arithmetic,6
17,2,Arithmetic,6
17,2,Arithmetic,6
17,2,Arithmetic,6
17,2,Arithmetic,6
17,2,Arithmetic,6
17,2,Arithmetic,6
17,2,Arithmetic,6
17,2,Arithmetic,6
17,2,Arithmetic,6
17,2,Arithmetic,6
17,2,Arithmetic,6
17,2,Arithmetic,6
17,3,Stroop,6
17,3,Stroop,6
17,3,Stroop,6
17,3,Stroop,6
17,3,Stroop,6
17,3,Stroop,6
17,3,Stroop,6
17,3,Stroop,6
17,3,Stroop,6
17,3,Stroop,6
17,3,Stroop,6
17,3,Stroop,6
17,3,Stroop,6
17,3,Stroop,6
17,3,Stroop,6
17,3,Stroop,6
17,3,Stroop,6
17,3,Stroop,6
17,3,Stroop,6
17,3,Stroop,6
17,3,Stroop,6
17,3,Stroop,6
17,3,Stroop,6
17,3,Stroop,6
17,3,Relax,0
17,3,Relax,0
17,3,Relax,0
17,3,Relax,0
17,3,Relax,0
17,3,Relax,0
17,3,Relax,0
17,3,Relax,0
17,3,Relax,0
17,3,Relax,0
17,3,Relax,0
17,3,Relax,0
17,3,Relax,0
17,3,Relax,0
17,3,Relax,0
17,3,Relax,0
17,3,Relax,0
17,3,Relax,0
17,3,Relax,0
17,3,Relax,0
17,3,Relax,0
17,3,Relax,0
17,3,Relax,0
17,3,Relax,0
17,3,Arithmetic,7
17,3,Arithmetic,7
17,3,Arithmetic,7
17,3,Arithmetic,7
17,3,Arithmetic,7
17,3,Arithmetic,7
17,3,Arithmetic,7
17,3,Arithmetic,7
17,3,Arithmetic,7
17,3,Arithmetic,7
17,3,Arithmetic,7
17,3,Arithmetic,7
17,3,Arithmetic,7
17,3,Arithmetic,7
17,3,Arithmetic,7
17,3,Arithmetic,7
17,3,Arithmetic,7
17,3,Arithmetic,7
17,3,Arithmetic,7
17,3,Arithmetic,7
17,3,Arithmetic,7
17,3,Arithmetic,7
17,3,Arithmetic,7
17,3,Arithmetic,7
17,3,Mirror,7
17,3,Mirror,7
17,3,Mirror,7
17,3,Mirror,7
17,3,Mirror,7
17,3,Mirror,7
17,3,Mirror,7
17,3,Mirror,7
17,3,Mirror,7
17,3,Mirror,7
17,3,Mirror,7
17,3,Mirror,7
17,3,Mirror,7
17,3,Mirror,7
17,3,Mirror,7
17,3,Mirror,7
17,3,Mirror,7
17,3,Mirror,7
17,3,Mirror,7
17,3,Mirror,7
17,3,Mirror,7
17,3,Mirror,7
17,3,Mirror,7
17,3,Mirror,7
18,1,Relax,0
18,1,Relax,0
18,1,Relax,0
18,1,Relax,0
18,1,Relax,0
18,1,Relax,0
18,1,Relax,0
18,1,Relax,0
18,1,Relax,0
18,1,Relax,0
18,1,Relax,0
18,1,Relax,0
18,1,Relax,0
18,1,Relax,0
18,1,Relax,0
18,1,Relax,0
18,1,Relax,0
18,1,Relax,0
18,1,Relax,0
18,1,Relax,0
18,1,Relax,0
18,1,Relax,0
18,1,Relax,0
18,1,Relax,0
18,1,Stroop,6
18,1,Stroop,6
18,1,Stroop,6
18,1,Stroop,6
18,1,Stroop,6
18,1,Stroop,6
18,1,Stroop,6
18,1,Stroop,6
18,1,Stroop,6
18,1,Stroop,6
18,1,Stroop,6
18,1,Stroop,6
18,1,Stroop,6
18,1,Stroop,6
18,1,Stroop,6
18,1,Stroop,6
18,1,Stroop,6
18,1,Stroop,6
18,1,Stroop,6
18,1,Stroop,6
18,1,Stroop,6
18,1,Stroop,6
18,1,Stroop,6
18,1,Stroop,6
18,1,Arithmetic,6
18,1,Arithmetic,6
18,1,Arithmetic,6
18,1,Arithmetic,6
18,1,Arithmetic,6
18,1,Arithmetic,6
18,1,Arithmetic,6
18,1,Arithmetic,6
18,1,Arithmetic,6
18,1,Arithmetic,6
18,1,Arithmetic,6
18,1,Arithmetic,6
18,1,Arithmetic,6
18,1,Arithmetic,6
18,1,Arithmetic,6
18,1,Arithmetic,6
18,1,Arithmetic,6
18,1,Arithmetic,6
18,1,Arithmetic,6
18,1,Arithmetic,6
18,1,Arithmetic,6
18,1,Arithmetic,6
18,1,Arithmetic,6
18,1,Arithmetic,6
18,1,Mirror,5
18,1,Mirror,5
18,1,Mirror,5
18,1,Mirror,5
18,1,Mirror,5
18,1,Mirror,5
18,1,Mirror,5
18,1,Mirror,5
18,1,Mirror,5
18,1,Mirror,5
18,1,Mirror,5
18,1,Mirror,5
18,1,Mirror,5
18,1,Mirror,5
18,1,Mirror,5
18,1,Mirror,5
18,1,Mirror,5
18,1,Mirror,5
18,1,Mirror,5
18,1,Mirror,5
18,1,Mirror,5
18,1,Mirror,5
18,1,Mirror,5
18,1,Mirror,5
18,2,Relax,0
18,2,Relax,0
18,2,Relax,0
18,2,Relax,0
18,2,Relax,0
18,2,Relax,0
18,2,Relax,0
18,2,Relax,0
18,2,Relax,0
18,2,Relax,0
18,2,Relax,0
18,2,Relax,0
18,2,Relax,0
18,2,Relax,0
18,2,Relax,0
18,2,Relax,0
18,2,Relax,0
18,2,Relax,0
18,2,Relax,0
18,2,Relax,0
18,2,Relax,0
18,2,Relax,0
18,2,Relax,0
18,2,Relax,0
18,2,Stroop,5
18,2,Stroop,5
18,2,Stroop,5
18,2,Stroop,5
18,2,Stroop,5
18,2,Stroop,5
18,2,Stroop,5
18,2,Stroop,5
18,2,Stroop,5
18,2,Stroop,5
18,2,Stroop,5
18,2,Stroop,5
18,2,Stroop,5
18,2,Stroop,5
18,2,Stroop,5
18,2,Stroop,5
18,2,Stroop,5
18,2,Stroop,5
18,2,Stroop,5
18,2,Stroop,5
18,2,Stroop,5
18,2,Stroop,5
18,2,Stroop,5
18,2,Stroop,5
18,2,Arithmetic,5
18,2,Arithmetic,5
18,2,Arithmetic,5
18,2,Arithmetic,5
18,2,Arithmetic,5
18,2,Arithmetic,5
18,2,Arithmetic,5
18,2,Arithmetic,5
18,2,Arithmetic,5
18,2,Arithmetic,5
18,2,Arithmetic,5
18,2,Arithmetic,5
18,2,Arithmetic,5
18,2,Arithmetic,5
18,2,Arithmetic,5
18,2,Arithmetic,5
18,2,Arithmetic,5
18,2,Arithmetic,5
18,2,Arithmetic,5
18,2,Arithmetic,5
18,2,Arithmetic,5
18,2,Arithmetic,5
18,2,Arithmetic,5
18,2,Arithmetic,5
18,2,Mirror,6
18,2,Mirror,6
18,2,Mirror,6
18,2,Mirror,6
18,2,Mirror,6
18,2,Mirror,6
18,2,Mirror,6
18,2,Mirror,6
18,2,Mirror,6
18,2,Mirror,6
18,2,Mirror,6
18,2,Mirror,6
18,2,Mirror,6
18,2,Mirror,6
18,2,Mirror,6
18,2,Mirror,6
18,2,Mirror,6
18,2,Mirror,6
18,2,Mirror,6
18,2,Mirror,6
18,2,Mirror,6
18,2,Mirror,6
18,2,Mirror,6
18,2,Mirror,6
18,3,Relax,0
18,3,Relax,0
18,3,Relax,0
18,3,Relax,0
18,3,Relax,0
18,3,Relax,0
18,3,Relax,0
18,3,Relax,0
18,3,Relax,0
18,3,Relax,0
18,3,Relax,0
18,3,Relax,0
18,3,Relax,0
18,3,Relax,0
18,3,Relax,0
18,3,Relax,0
18,3,Relax,0
18,3,Relax,0
18,3,Relax,0
18,3,Relax,0
18,3,Relax,0
18,3,Relax,0
18,3,Relax,0
18,3,Relax,0
18,3,Stroop,7
18,3,Stroop,7
18,3,Stroop,7
18,3,Stroop,7
18,3,Stroop,7
18,3,Stroop,7
18,3,Stroop,7
18,3,Stroop,7
18,3,Stroop,7
18,3,Stroop,7
18,3,Stroop,7
18,3,Stroop,7
18,3,Stroop,7
18,3,Stroop,7
18,3,Stroop,7
18,3,Stroop,7
18,3,Stroop,7
18,3,Stroop,7
18,3,Stroop,7
18,3,Stroop,7
18,3,Stroop,7
18,3,Stroop,7
18,3,Stroop,7
18,3,Stroop,7
18,3,Mirror,6
18,3,Mirror,6
18,3,Mirror,6
18,3,Mirror,6
18,3,Mirror,6
18,3,Mirror,6
18,3,Mirror,6
18,3,Mirror,6
18,3,Mirror,6
18,3,Mirror,6
18,3,Mirror,6
18,3,Mirror,6
18,3,Mirror,6
18,3,Mirror,6
18,3,Mirror,6
18,3,Mirror,6
18,3,Mirror,6
18,3,Mirror,6
18,3,Mirror,6
18,3,Mirror,6
18,3,Mirror,6
18,3,Mirror,6
18,3,Mirror,6
18,3,Mirror,6
18,3,Arithmetic,9
18,3,Arithmetic,9
18,3,Arithmetic,9
18,3,Arithmetic,9
18,3,Arithmetic,9
18,3,Arithmetic,9
18,3,Arithmetic,9
18,3,Arithmetic,9
18,3,Arithmetic,9
18,3,Arithmetic,9
18,3,Arithmetic,9
18,3,Arithmetic,9
18,3,Arithmetic,9
18,3,Arithmetic,9
18,3,Arithmetic,9
18,3,Arithmetic,9
18,3,Arithmetic,9
18,3,Arithmetic,9
18,3,Arithmetic,9
18,3,Arithmetic,9
18,3,Arithmetic,9
18,3,Arithmetic,9
18,3,Arithmetic,9
18,3,Arithmetic,9
19,1,Arithmetic,4
19,1,Arithmetic,4
19,1,Arithmetic,4
19,1,Arithmetic,4
19,1,Arithmetic,4
19,1,Arithmetic,4
19,1,Arithmetic,4
19,1,Arithmetic,4
19,1,Arithmetic,4
19,1,Arithmetic,4
19,1,Arithmetic,4
19,1,Arithmetic,4
19,1,Arithmetic,4
19,1,Arithmetic,4
19,1,Arithmetic,4
19,1,Arithmetic,4
19,1,Arithmetic,4
19,1,Arithmetic,4
19,1,Arithmetic,4
19,1,Arithmetic,4
19,1,Arithmetic,4
19,1,Arithmetic,4
19,1,Arithmetic,4
19,1,Arithmetic,4
19,1,Mirror,6
19,1,Mirror,6
19,1,Mirror,6
19,1,Mirror,6
19,1,Mirror,6
19,1,Mirror,6
19,1,Mirror,6
19,1,Mirror,6
19,1,Mirror,6
19,1,Mirror,6
19,1,Mirror,6
19,1,Mirror,6
19,1,Mirror,6
19,1,Mirror,6
19,1,Mirror,6
19,1,Mirror,6
19,1,Mirror,6
19,1,Mirror,6
19,1,Mirror,6
19,1,Mirror,6
19,1,Mirror,6
19,1,Mirror,6
19,1,Mirror,6
19,1,Mirror,6
19,1,Relax,0
19,1,Relax,0
19,1,Relax,0
19,1,Relax,0
19,1,Relax,0
19,1,Relax,0
19,1,Relax,0
19,1,Relax,0
19,1,Relax,0
19,1,Relax,0
19,1,Relax,0
19,1,Relax,0
19,1,Relax,0
19,1,Relax,0
19,1,Relax,0
19,1,Relax,0
19,1,Relax,0
19,1,Relax,0
19,1,Relax,0
19,1,Relax,0
19,1,Relax,0
19,1,Relax,0
19,1,Relax,0
19,1,Relax,0
19,1,Stroop,6
19,1,Stroop,6
19,1,Stroop,6
19,1,Stroop,6
19,1,Stroop,6
19,1,Stroop,6
19,1,Stroop,6
19,1,Stroop,6
19,1,Stroop,6
19,1,Stroop,6
19,1,Stroop,6
19,1,Stroop,6
19,1,Stroop,6
19,1,Stroop,6
19,1,Stroop,6
19,1,Stroop,6
19,1,Stroop,6
19,1,Stroop,6
19,1,Stroop,6
19,1,Stroop,6
19,1,Stroop,6
19,1,Stroop,6
19,1,Stroop,6
19,1,Stroop,6
19,2,Arithmetic,2
19,2,Arithmetic,2
19,2,Arithmetic,2
19,2,Arithmetic,2
19,2,Arithmetic,2
19,2,Arithmetic,2
19,2,Arithmetic,2
19,2,Arithmetic,2
19,2,Arithmetic,2
19,2,Arithmetic,2
19,2,Arithmetic,2
19,2,Arithmetic,2
19,2,Arithmetic,2
19,2,Arithmetic,2
19,2,Arithmetic,2
19,2,Arithmetic,2
19,2,Arithmetic,2
19,2,Arithmetic,2
19,2,Arithmetic,2
19,2,Arithmetic,2
19,2,Arithmetic,2
19,2,Arithmetic,2
19,2,Arithmetic,2
19,2,Arithmetic,2
19,2,Mirror,4
19,2,Mirror,4
19,2,Mirror,4
19,2,Mirror,4
19,2,Mirror,4
19,2,Mirror,4
19,2,Mirror,4
19,2,Mirror,4
19,2,Mirror,4
19,2,Mirror,4
19,2,Mirror,4
19,2,Mirror,4
19,2,Mirror,4
19,2,Mirror,4
19,2,Mirror,4
19,2,Mirror,4
19,2,Mirror,4
19,2,Mirror,4
19,2,Mirror,4
19,2,Mirror,4
19,2,Mirror,4
19,2,Mirror,4
19,2,Mirror,4
19,2,Mirror,4
19,2,Relax,0
19,2,Relax,0
19,2,Relax,0
19,2,Relax,0
19,2,Relax,0
19,2,Relax,0
19,2,Relax,0
19,2,Relax,0
19,2,Relax,0
19,2,Relax,0
19,2,Relax,0
19,2,Relax,0
19,2,Relax,0
19,2,Relax,0
19,2,Relax,0
19,2,Relax,0
19,2,Relax,0
19,2,Relax,0
19,2,Relax,0
19,2,Relax,0
19,2,Relax,0
19,2,Relax,0
19,2,Relax,0
19,2,Relax,0
19,2,Stroop,3
19,2,Stroop,3
19,2,Stroop,3
19,2,Stroop,3
19,2,Stroop,3
19,2,Stroop,3
19,2,Stroop,3
19,2,Stroop,3
19,2,Stroop,3
19,2,Stroop,3
19,2,Stroop,3
19,2,Stroop,3
19,2,Stroop,3
19,2,Stroop,3
19,2,Stroop,3
19,2,Stroop,3
19,2,Stroop,3
19,2,Stroop,3
19,2,Stroop,3
19,2,Stroop,3
19,2,Stroop,3
19,2,Stroop,3
19,2,Stroop,3
19,2,Stroop,3
19,3,Mirror,1
19,3,Mirror,1
19,3,Mirror,1
19,3,Mirror,1
19,3,Mirror,1
19,3,Mirror,1
19,3,Mirror,1
19,3,Mirror,1
19,3,Mirror,1
19,3,Mirror,1
19,3,Mirror,1
19,3,Mirror,1
19,3,Mirror,1
19,3,Mirror,1
19,3,Mirror,1
19,3,Mirror,1
19,3,Mirror,1
19,3,Mirror,1
19,3,Mirror,1
19,3,Mirror,1
19,3,Mirror,1
19,3,Mirror,1
19,3,Mirror,1
19,3,Mirror,1
19,3,Arithmetic,4
19,3,Arithmetic,4
19,3,Arithmetic,4
19,3,Arithmetic,4
19,3,Arithmetic,4
19,3,Arithmetic,4
19,3,Arithmetic,4
19,3,Arithmetic,4
19,3,Arithmetic,4
19,3,Arithmetic,4
19,3,Arithmetic,4
19,3,Arithmetic,4
19,3,Arithmetic,4
19,3,Arithmetic,4
19,3,Arithmetic,4
19,3,Arithmetic,4
19,3,Arithmetic,4
19,3,Arithmetic,4
19,3,Arithmetic,4
19,3,Arithmetic,4
19,3,Arithmetic,4
19,3,Arithmetic,4
19,3,Arithmetic,4
19,3,Arithmetic,4
19,3,Relax,0
19,3,Relax,0
19,3,Relax,0
19,3,Relax,0
19,3,Relax,0
19,3,Relax,0
19,3,Relax,0
19,3,Relax,0
19,3,Relax,0
19,3,Relax,0
19,3,Relax,0
19,3,Relax,0
19,3,Relax,0
19,3,Relax,0
19,3,Relax,0
19,3,Relax,0
19,3,Relax,0
19,3,Relax,0
19,3,Relax,0
19,3,Relax,0
19,3,Relax,0
19,3,Relax,0
19,3,Relax,0
19,3,Relax,0
19,3,Stroop,3
19,3,Stroop,3
19,3,Stroop,3
19,3,Stroop,3
19,3,Stroop,3
19,3,Stroop,3
19,3,Stroop,3
19,3,Stroop,3
19,3,Stroop,3
19,3,Stroop,3
19,3,Stroop,3
19,3,Stroop,3
19,3,Stroop,3
19,3,Stroop,3
19,3,Stroop,3
19,3,Stroop,3
19,3,Stroop,3
19,3,Stroop,3
19,3,Stroop,3
19,3,Stroop,3
19,3,Stroop,3
19,3,Stroop,3
19,3,Stroop,3
19,3,Stroop,3
20,1,Stroop,7
20,1,Stroop,7
20,1,Stroop,7
20,1,Stroop,7
20,1,Stroop,7
20,1,Stroop,7
20,1,Stroop,7
20,1,Stroop,7
20,1,Stroop,7
20,1,Stroop,7
20,1,Stroop,7
20,1,Stroop,7
20,1,Stroop,7
20,1,Stroop,7
20,1,Stroop,7
20,1,Stroop,7
20,1,Stroop,7
20,1,Stroop,7
20,1,Stroop,7
20,1,Stroop,7
20,1,Stroop,7
20,1,Stroop,7
20,1,Stroop,7
20,1,Stroop,7
20,1,Relax,0
20,1,Relax,0
20,1,Relax,0
20,1,Relax,0
20,1,Relax,0
20,1,Relax,0
20,1,Relax,0
20,1,Relax,0
20,1,Relax,0
20,1,Relax,0
20,1,Relax,0
20,1,Relax,0
20,1,Relax,0
20,1,Relax,0
20,1,Relax,0
20,1,Relax,0
20,1,Relax,0
20,1,Relax,0
20,1,Relax,0
20,1,Relax,0
20,1,Relax,0
20,1,Relax,0
20,1,Relax,0
20,1,Relax,0
20,1,Mirror,9
20,1,Mirror,9
20,1,Mirror,9
20,1,Mirror,9
20,1,Mirror,9
20,1,Mirror,9
20,1,Mirror,9
20,1,Mirror,9
20,1,Mirror,9
20,1,Mirror,9
20,1,Mirror,9
20,1,Mirror,9
20,1,Mirror,9
20,1,Mirror,9
20,1,Mirror,9
20,1,Mirror,9
20,1,Mirror,9
20,1,Mirror,9
20,1,Mirror,9
20,1,Mirror,9
20,1,Mirror,9
20,1,Mirror,9
20,1,Mirror,9
20,1,Mirror,9
20,1,Arithmetic,10
20,1,Arithmetic,10
20,1,Arithmetic,10
20,1,Arithmetic,10
20,1,Arithmetic,10
20,1,Arithmetic,10
20,1,Arithmetic,10
20,1,Arithmetic,10
20,1,Arithmetic,10
20,1,Arithmetic,10
20,1,Arithmetic,10
20,1,Arithmetic,10
20,1,Arithmetic,10
20,1,Arithmetic,10
20,1,Arithmetic,10
20,1,Arithmetic,10
20,1,Arithmetic,10
20,1,Arithmetic,10
20,1,Arithmetic,10
20,1,Arithmetic,10
20,1,Arithmetic,10
20,1,Arithmetic,10
20,1,Arithmetic,10
20,1,Arithmetic,10
20,2,Stroop,5
20,2,Stroop,5
20,2,Stroop,5
20,2,Stroop,5
20,2,Stroop,5
20,2,Stroop,5
20,2,Stroop,5
20,2,Stroop,5
20,2,Stroop,5
20,2,Stroop,5
20,2,Stroop,5
20,2,Stroop,5
20,2,Stroop,5
20,2,Stroop,5
20,2,Stroop,5
20,2,Stroop,5
20,2,Stroop,5
20,2,Stroop,5
20,2,Stroop,5
20,2,Stroop,5
20,2,Stroop,5
20,2,Stroop,5
20,2,Stroop,5
20,2,Stroop,5
20,2,Relax,0
20,2,Relax,0
20,2,Relax,0
20,2,Relax,0
20,2,Relax,0
20,2,Relax,0
20,2,Relax,0
20,2,Relax,0
20,2,Relax,0
20,2,Relax,0
20,2,Relax,0
20,2,Relax,0
20,2,Relax,0
20,2,Relax,0
20,2,Relax,0
20,2,Relax,0
20,2,Relax,0
20,2,Relax,0
20,2,Relax,0
20,2,Relax,0
20,2,Relax,0
20,2,Relax,0
20,2,Relax,0
20,2,Relax,0
20,2,Mirror,9
20,2,Mirror,9
20,2,Mirror,9
20,2,Mirror,9
20,2,Mirror,9
20,2,Mirror,9
20,2,Mirror,9
20,2,Mirror,9
20,2,Mirror,9
20,2,Mirror,9
20,2,Mirror,9
20,2,Mirror,9
20,2,Mirror,9
20,2,Mirror,9
20,2,Mirror,9
20,2,Mirror,9
20,2,Mirror,9
20,2,Mirror,9
20,2,Mirror,9
20,2,Mirror,9
20,2,Mirror,9
20,2,Mirror,9
20,2,Mirror,9
20,2,Mirror,9
20,2,Arithmetic,10
20,2,Arithmetic,10
20,2,Arithmetic,10
20,2,Arithmetic,10
20,2,Arithmetic,10
20,2,Arithmetic,10
20,2,Arithmetic,10
20,2,Arithmetic,10
20,2,Arithmetic,10
20,2,Arithmetic,10
20,2,Arithmetic,10
20,2,Arithmetic,10
20,2,Arithmetic,10
20,2,Arithmetic,10
20,2,Arithmetic,10
20,2,Arithmetic,10
20,2,Arithmetic,10
20,2,Arithmetic,10
20,2,Arithmetic,10
20,2,Arithmetic,10
20,2,Arithmetic,10
20,2,Arithmetic,10
20,2,Arithmetic,10
20,2,Arithmetic,10
20,3,Stroop,6
20,3,Stroop,6
20,3,Stroop,6
20,3,Stroop,6
20,3,Stroop,6
20,3,Stroop,6
20,3,Stroop,6
20,3,Stroop,6
20,3,Stroop,6
20,3,Stroop,6
20,3,Stroop,6
20,3,Stroop,6
20,3,Stroop,6
20,3,Stroop,6
20,3,Stroop,6
20,3,Stroop,6
20,3,Stroop,6
20,3,Stroop,6
20,3,Stroop,6
20,3,Stroop,6
20,3,Stroop,6
20,3,Stroop,6
20,3,Stroop,6
20,3,Stroop,6
20,3,Relax,0
20,3,Relax,0
20,3,Relax,0
20,3,Relax,0
20,3,Relax,0
20,3,Relax,0
20,3,Relax,0
20,3,Relax,0
20,3,Relax,0
20,3,Relax,0
20,3,Relax,0
20,3,Relax,0
20,3,Relax,0
20,3,Relax,0
20,3,Relax,0
20,3,Relax,0
20,3,Relax,0
20,3,Relax,0
20,3,Relax,0
20,3,Relax,0
20,3,Relax,0
20,3,Relax,0
20,3,Relax,0
20,3,Relax,0
20,3,Arithmetic,10
20,3,Arithmetic,10
20,3,Arithmetic,10
20,3,Arithmetic,10
20,3,Arithmetic,10
20,3,Arithmetic,10
20,3,Arithmetic,10
20,3,Arithmetic,10
20,3,Arithmetic,10
20,3,Arithmetic,10
20,3,Arithmetic,10
20,3,Arithmetic,10
20,3,Arithmetic,10
20,3,Arithmetic,10
20,3,Arithmetic,10
20,3,Arithmetic,10
20,3,Arithmetic,10
20,3,Arithmetic,10
20,3,Arithmetic,10
20,3,Arithmetic,10
20,3,Arithmetic,10
20,3,Arithmetic,10
20,3,Arithmetic,10
20,3,Arithmetic,10
20,3,Mirror,8
20,3,Mirror,8
20,3,Mirror,8
20,3,Mirror,8
20,3,Mirror,8
20,3,Mirror,8
20,3,Mirror,8
20,3,Mirror,8
20,3,Mirror,8
20,3,Mirror,8
20,3,Mirror,8
20,3,Mirror,8
20,3,Mirror,8
20,3,Mirror,8
20,3,Mirror,8
20,3,Mirror,8
20,3,Mirror,8
20,3,Mirror,8
20,3,Mirror,8
20,3,Mirror,8
20,3,Mirror,8
20,3,Mirror,8
20,3,Mirror,8
20,3,Mirror,8
21,1,Mirror,8
21,1,Mirror,8
21,1,Mirror,8
21,1,Mirror,8
21,1,Mirror,8
21,1,Mirror,8
21,1,Mirror,8
21,1,Mirror,8
21,1,Mirror,8
21,1,Mirror,8
21,1,Mirror,8
21,1,Mirror,8
21,1,Mirror,8
21,1,Mirror,8
21,1,Mirror,8
21,1,Mirror,8
21,1,Mirror,8
21,1,Mirror,8
21,1,Mirror,8
21,1,Mirror,8
21,1,Mirror,8
21,1,Mirror,8
21,1,Mirror,8
21,1,Mirror,8
21,1,Arithmetic,7
21,1,Arithmetic,7
21,1,Arithmetic,7
21,1,Arithmetic,7
21,1,Arithmetic,7
21,1,Arithmetic,7
21,1,Arithmetic,7
21,1,Arithmetic,7
21,1,Arithmetic,7
21,1,Arithmetic,7
21,1,Arithmetic,7
21,1,Arithmetic,7
21,1,Arithmetic,7
21,1,Arithmetic,7
21,1,Arithmetic,7
21,1,Arithmetic,7
21,1,Arithmetic,7
21,1,Arithmetic,7
21,1,Arithmetic,7
21,1,Arithmetic,7
21,1,Arithmetic,7
21,1,Arithmetic,7
21,1,Arithmetic,7
21,1,Arithmetic,7
21,1,Stroop,9
21,1,Stroop,9
21,1,Stroop,9
21,1,Stroop,9
21,1,Stroop,9
21,1,Stroop,9
21,1,Stroop,9
21,1,Stroop,9
21,1,Stroop,9
21,1,Stroop,9
21,1,Stroop,9
21,1,Stroop,9
21,1,Stroop,9
21,1,Stroop,9
21,1,Stroop,9
21,1,Stroop,9
21,1,Stroop,9
21,1,Stroop,9
21,1,Stroop,9
21,1,Stroop,9
21,1,Stroop,9
21,1,Stroop,9
21,1,Stroop,9
21,1,Stroop,9
21,1,Relax,0
21,1,Relax,0
21,1,Relax,0
21,1,Relax,0
21,1,Relax,0
21,1,Relax,0
21,1,Relax,0
21,1,Relax,0
21,1,Relax,0
21,1,Relax,0
21,1,Relax,0
21,1,Relax,0
21,1,Relax,0
21,1,Relax,0
21,1,Relax,0
21,1,Relax,0
21,1,Relax,0
21,1,Relax,0
21,1,Relax,0
21,1,Relax,0
21,1,Relax,0
21,1,Relax,0
21,1,Relax,0
21,1,Relax,0
21,2,Mirror,8
21,2,Mirror,8
21,2,Mirror,8
21,2,Mirror,8
21,2,Mirror,8
21,2,Mirror,8
21,2,Mirror,8
21,2,Mirror,8
21,2,Mirror,8
21,2,Mirror,8
21,2,Mirror,8
21,2,Mirror,8
21,2,Mirror,8
21,2,Mirror,8
21,2,Mirror,8
21,2,Mirror,8
21,2,Mirror,8
21,2,Mirror,8
21,2,Mirror,8
21,2,Mirror,8
21,2,Mirror,8
21,2,Mirror,8
21,2,Mirror,8
21,2,Mirror,8
21,2,Arithmetic,8
21,2,Arithmetic,8
21,2,Arithmetic,8
21,2,Arithmetic,8
21,2,Arithmetic,8
21,2,Arithmetic,8
21,2,Arithmetic,8
21,2,Arithmetic,8
21,2,Arithmetic,8
21,2,Arithmetic,8
21,2,Arithmetic,8
21,2,Arithmetic,8
21,2,Arithmetic,8
21,2,Arithmetic,8
21,2,Arithmetic,8
21,2,Arithmetic,8
21,2,Arithmetic,8
21,2,Arithmetic,8
21,2,Arithmetic,8
21,2,Arithmetic,8
21,2,Arithmetic,8
21,2,Arithmetic,8
21,2,Arithmetic,8
21,2,Arithmetic,8
21,2,Stroop,9
21,2,Stroop,9
21,2,Stroop,9
21,2,Stroop,9
21,2,Stroop,9
21,2,Stroop,9
21,2,Stroop,9
21,2,Stroop,9
21,2,Stroop,9
21,2,Stroop,9
21,2,Stroop,9
21,2,Stroop,9
21,2,Stroop,9
21,2,Stroop,9
21,2,Stroop,9
21,2,Stroop,9
21,2,Stroop,9
21,2,Stroop,9
21,2,Stroop,9
21,2,Stroop,9
21,2,Stroop,9
21,2,Stroop,9
21,2,Stroop,9
21,2,Stroop,9
21,2,Relax,0
21,2,Relax,0
21,2,Relax,0
21,2,Relax,0
21,2,Relax,0
21,2,Relax,0
21,2,Relax,0
21,2,Relax,0
21,2,Relax,0
21,2,Relax,0
21,2,Relax,0
21,2,Relax,0
21,2,Relax,0
21,2,Relax,0
21,2,Relax,0
21,2,Relax,0
21,2,Relax,0
21,2,Relax,0
21,2,Relax,0
21,2,Relax,0
21,2,Relax,0
21,2,Relax,0
21,2,Relax,0
21,2,Relax,0
21,3,Arithmetic,7
21,3,Arithmetic,7
21,3,Arithmetic,7
21,3,Arithmetic,7
21,3,Arithmetic,7
21,3,Arithmetic,7
21,3,Arithmetic,7
21,3,Arithmetic,7
21,3,Arithmetic,7
21,3,Arithmetic,7
21,3,Arithmetic,7
21,3,Arithmetic,7
21,3,Arithmetic,7
21,3,Arithmetic,7
21,3,Arithmetic,7
21,3,Arithmetic,7
21,3,Arithmetic,7
21,3,Arithmetic,7
21,3,Arithmetic,7
21,3,Arithmetic,7
21,3,Arithmetic,7
21,3,Arithmetic,7
21,3,Arithmetic,7
21,3,Arithmetic,7
21,3,Mirror,8
21,3,Mirror,8
21,3,Mirror,8
21,3,Mirror,8
21,3,Mirror,8
21,3,Mirror,8
21,3,Mirror,8
21,3,Mirror,8
21,3,Mirror,8
21,3,Mirror,8
21,3,Mirror,8
21,3,Mirror,8
21,3,Mirror,8
21,3,Mirror,8
21,3,Mirror,8
21,3,Mirror,8
21,3,Mirror,8
21,3,Mirror,8
21,3,Mirror,8
21,3,Mirror,8
21,3,Mirror,8
21,3,Mirror,8
21,3,Mirror,8
21,3,Mirror,8
21,3,Stroop,9
21,3,Stroop,9
21,3,Stroop,9
21,3,Stroop,9
21,3,Stroop,9
21,3,Stroop,9
21,3,Stroop,9
21,3,Stroop,9
21,3,Stroop,9
21,3,Stroop,9
21,3,Stroop,9
21,3,Stroop,9
21,3,Stroop,9
21,3,Stroop,9
21,3,Stroop,9
21,3,Stroop,9
21,3,Stroop,9
21,3,Stroop,9
21,3,Stroop,9
21,3,Stroop,9
21,3,Stroop,9
21,3,Stroop,9
21,3,Stroop,9
21,3,Stroop,9
21,3,Relax,0
21,3,Relax,0
21,3,Relax,0
21,3,Relax,0
21,3,Relax,0
21,3,Relax,0
21,3,Relax,0
21,3,Relax,0
21,3,Relax,0
21,3,Relax,0
21,3,Relax,0
21,3,Relax,0
21,3,Relax,0
21,3,Relax,0
21,3,Relax,0
21,3,Relax,0
21,3,Relax,0
21,3,Relax,0
21,3,Relax,0
21,3,Relax,0
21,3,Relax,0
21,3,Relax,0
21,3,Relax,0
21,3,Relax,0
22,1,Relax,0
22,1,Relax,0
22,1,Relax,0
22,1,Relax,0
22,1,Relax,0
22,1,Relax,0
22,1,Relax,0
22,1,Relax,0
22,1,Relax,0
22,1,Relax,0
22,1,Relax,0
22,1,Relax,0
22,1,Relax,0
22,1,Relax,0
22,1,Relax,0
22,1,Relax,0
22,1,Relax,0
22,1,Relax,0
22,1,Relax,0
22,1,Relax,0
22,1,Relax,0
22,1,Relax,0
22,1,Relax,0
22,1,Relax,0
22,1,Stroop,5
22,1,Stroop,5
22,1,Stroop,5
22,1,Stroop,5
22,1,Stroop,5
22,1,Stroop,5
22,1,Stroop,5
22,1,Stroop,5
22,1,Stroop,5
22,1,Stroop,5
22,1,Stroop,5
22,1,Stroop,5
22,1,Stroop,5
22,1,Stroop,5
22,1,Stroop,5
22,1,Stroop,5
22,1,Stroop,5
22,1,Stroop,5
22,1,Stroop,5
22,1,Stroop,5
22,1,Stroop,5
22,1,Stroop,5
22,1,Stroop,5
22,1,Stroop,5
22,1,Arithmetic,9
22,1,Arithmetic,9
22,1,Arithmetic,9
22,1,Arithmetic,9
22,1,Arithmetic,9
22,1,Arithmetic,9
22,1,Arithmetic,9
22,1,Arithmetic,9
22,1,Arithmetic,9
22,1,Arithmetic,9
22,1,Arithmetic,9
22,1,Arithmetic,9
22,1,Arithmetic,9
22,1,Arithmetic,9
22,1,Arithmetic,9
22,1,Arithmetic,9
22,1,Arithmetic,9
22,1,Arithmetic,9
22,1,Arithmetic,9
22,1,Arithmetic,9
22,1,Arithmetic,9
22,1,Arithmetic,9
22,1,Arithmetic,9
22,1,Arithmetic,9
22,1,Mirror,8
22,1,Mirror,8
22,1,Mirror,8
22,1,Mirror,8
22,1,Mirror,8
22,1,Mirror,8
22,1,Mirror,8
22,1,Mirror,8
22,1,Mirror,8
22,1,Mirror,8
22,1,Mirror,8
22,1,Mirror,8
22,1,Mirror,8
22,1,Mirror,8
22,1,Mirror,8
22,1,Mirror,8
22,1,Mirror,8
22,1,Mirror,8
22,1,Mirror,8
22,1,Mirror,8
22,1,Mirror,8
22,1,Mirror,8
22,1,Mirror,8
22,1,Mirror,8
22,2,Relax,0
22,2,Relax,0
22,2,Relax,0
22,2,Relax,0
22,2,Relax,0
22,2,Relax,0
22,2,Relax,0
22,2,Relax,0
22,2,Relax,0
22,2,Relax,0
22,2,Relax,0
22,2,Relax,0
22,2,Relax,0
22,2,Relax,0
22,2,Relax,0
22,2,Relax,0
22,2,Relax,0
22,2,Relax,0
22,2,Relax,0
22,2,Relax,0
22,2,Relax,0
22,2,Relax,0
22,2,Relax,0
22,2,Relax,0
22,2,Stroop,6
22,2,Stroop,6
22,2,Stroop,6
22,2,Stroop,6
22,2,Stroop,6
22,2,Stroop,6
22,2,Stroop,6
22,2,Stroop,6
22,2,Stroop,6
22,2,Stroop,6
22,2,Stroop,6
22,2,Stroop,6
22,2,Stroop,6
22,2,Stroop,6
22,2,Stroop,6
22,2,Stroop,6
22,2,Stroop,6
22,2,Stroop,6
22,2,Stroop,6
22,2,Stroop,6
22,2,Stroop,6
22,2,Stroop,6
22,2,Stroop,6
22,2,Stroop,6
22,2,Arithmetic,8
22,2,Arithmetic,8
22,2,Arithmetic,8
22,2,Arithmetic,8
22,2,Arithmetic,8
22,2,Arithmetic,8
22,2,Arithmetic,8
22,2,Arithmetic,8
22,2,Arithmetic,8
22,2,Arithmetic,8
22,2,Arithmetic,8
22,2,Arithmetic,8
22,2,Arithmetic,8
22,2,Arithmetic,8
22,2,Arithmetic,8
22,2,Arithmetic,8
22,2,Arithmetic,8
22,2,Arithmetic,8
22,2,Arithmetic,8
22,2,Arithmetic,8
22,2,Arithmetic,8
22,2,Arithmetic,8
22,2,Arithmetic,8
22,2,Arithmetic,8
22,2,Mirror,8
22,2,Mirror,8
22,2,Mirror,8
22,2,Mirror,8
22,2,Mirror,8
22,2,Mirror,8
22,2,Mirror,8
22,2,Mirror,8
22,2,Mirror,8
22,2,Mirror,8
22,2,Mirror,8
22,2,Mirror,8
22,2,Mirror,8
22,2,Mirror,8
22,2,Mirror,8
22,2,Mirror,8
22,2,Mirror,8
22,2,Mirror,8
22,2,Mirror,8
22,2,Mirror,8
22,2,Mirror,8
22,2,Mirror,8
22,2,Mirror,8
22,2,Mirror,8
22,3,Relax,0
22,3,Relax,0
22,3,Relax,0
22,3,Relax,0
22,3,Relax,0
22,3,Relax,0
22,3,Relax,0
22,3,Relax,0
22,3,Relax,0
22,3,Relax,0
22,3,Relax,0
22,3,Relax,0
22,3,Relax,0
22,3,Relax,0
22,3,Relax,0
22,3,Relax,0
22,3,Relax,0
22,3,Relax,0
22,3,Relax,0
22,3,Relax,0
22,3,Relax,0
22,3,Relax,0
22,3,Relax,0
22,3,Relax,0
22,3,Stroop,5
22,3,Stroop,5
22,3,Stroop,5
22,3,Stroop,5
22,3,Stroop,5
22,3,Stroop,5
22,3,Stroop,5
22,3,Stroop,5
22,3,Stroop,5
22,3,Stroop,5
22,3,Stroop,5
22,3,Stroop,5
22,3,Stroop,5
22,3,Stroop,5
22,3,Stroop,5
22,3,Stroop,5
22,3,Stroop,5
22,3,Stroop,5
22,3,Stroop,5
22,3,Stroop,5
22,3,Stroop,5
22,3,Stroop,5
22,3,Stroop,5
22,3,Stroop,5
22,3,Mirror,6
22,3,Mirror,6
22,3,Mirror,6
22,3,Mirror,6
22,3,Mirror,6
22,3,Mirror,6
22,3,Mirror,6
22,3,Mirror,6
22,3,Mirror,6
22,3,Mirror,6
22,3,Mirror,6
22,3,Mirror,6
22,3,Mirror,6
22,3,Mirror,6
22,3,Mirror,6
22,3,Mirror,6
22,3,Mirror,6
22,3,Mirror,6
22,3,Mirror,6
22,3,Mirror,6
22,3,Mirror,6
22,3,Mirror,6
22,3,Mirror,6
22,3,Mirror,6
22,3,Arithmetic,7
22,3,Arithmetic,7
22,3,Arithmetic,7
22,3,Arithmetic,7
22,3,Arithmetic,7
22,3,Arithmetic,7
22,3,Arithmetic,7
22,3,Arithmetic,7
22,3,Arithmetic,7
22,3,Arithmetic,7
22,3,Arithmetic,7
22,3,Arithmetic,7
22,3,Arithmetic,7
22,3,Arithmetic,7
22,3,Arithmetic,7
22,3,Arithmetic,7
22,3,Arithmetic,7
22,3,Arithmetic,7
22,3,Arithmetic,7
22,3,Arithmetic,7
22,3,Arithmetic,7
22,3,Arithmetic,7
22,3,Arithmetic,7
22,3,Arithmetic,7
23,1,Arithmetic,3
23,1,Arithmetic,3
23,1,Arithmetic,3
23,1,Arithmetic,3
23,1,Arithmetic,3
23,1,Arithmetic,3
23,1,Arithmetic,3
23,1,Arithmetic,3
23,1,Arithmetic,3
23,1,Arithmetic,3
23,1,Arithmetic,3
23,1,Arithmetic,3
23,1,Arithmetic,3
23,1,Arithmetic,3
23,1,Arithmetic,3
23,1,Arithmetic,3
23,1,Arithmetic,3
23,1,Arithmetic,3
23,1,Arithmetic,3
23,1,Arithmetic,3
23,1,Arithmetic,3
23,1,Arithmetic,3
23,1,Arithmetic,3
23,1,Arithmetic,3
23,1,Mirror,2
23,1,Mirror,2
23,1,Mirror,2
23,1,Mirror,2
23,1,Mirror,2
23,1,Mirror,2
23,1,Mirror,2
23,1,Mirror,2
23,1,Mirror,2
23,1,Mirror,2
23,1,Mirror,2
23,1,Mirror,2
23,1,Mirror,2
23,1,Mirror,2
23,1,Mirror,2
23,1,Mirror,2
23,1,Mirror,2
23,1,Mirror,2
23,1,Mirror,2
23,1,Mirror,2
23,1,Mirror,2
23,1,Mirror,2
23,1,Mirror,2
23,1,Mirror,2
23,1,Relax,0
23,1,Relax,0
23,1,Relax,0
23,1,Relax,0
23,1,Relax,0
23,1,Relax,0
23,1,Relax,0
23,1,Relax,0
23,1,Relax,0
23,1,Relax,0
23,1,Relax,0
23,1,Relax,0
23,1,Relax,0
23,1,Relax,0
23,1,Relax,0
23,1,Relax,0
23,1,Relax,0
23,1,Relax,0
23,1,Relax,0
23,1,Relax,0
23,1,Relax,0
23,1,Relax,0
23,1,Relax,0
23,1,Relax,0
23,1,Stroop,1
23,1,Stroop,1
23,1,Stroop,1
23,1,Stroop,1
23,1,Stroop,1
23,1,Stroop,1
23,1,Stroop,1
23,1,Stroop,1
23,1,Stroop,1
23,1,Stroop,1
23,1,Stroop,1
23,1,Stroop,1
23,1,Stroop,1
23,1,Stroop,1
23,1,Stroop,1
23,1,Stroop,1
23,1,Stroop,1
23,1,Stroop,1
23,1,Stroop,1
23,1,Stroop,1
23,1,Stroop,1
23,1,Stroop,1
23,1,Stroop,1
23,1,Stroop,1
23,2,Arithmetic,4
23,2,Arithmetic,4
23,2,Arithmetic,4
23,2,Arithmetic,4
23,2,Arithmetic,4
23,2,Arithmetic,4
23,2,Arithmetic,4
23,2,Arithmetic,4
23,2,Arithmetic,4
23,2,Arithmetic,4
23,2,Arithmetic,4
23,2,Arithmetic,4
23,2,Arithmetic,4
23,2,Arithmetic,4
23,2,Arithmetic,4
23,2,Arithmetic,4
23,2,Arithmetic,4
23,2,Arithmetic,4
23,2,Arithmetic,4
23,2,Arithmetic,4
23,2,Arithmetic,4
23,2,Arithmetic,4
23,2,Arithmetic,4
23,2,Arithmetic,4
23,2,Mirror,2
23,2,Mirror,2
23,2,Mirror,2
23,2,Mirror,2
23,2,Mirror,2
23,2,Mirror,2
23,2,Mirror,2
23,2,Mirror,2
23,2,Mirror,2
23,2,Mirror,2
23,2,Mirror,2
23,2,Mirror,2
23,2,Mirror,2
23,2,Mirror,2
23,2,Mirror,2
23,2,Mirror,2
23,2,Mirror,2
23,2,Mirror,2
23,2,Mirror,2
23,2,Mirror,2
23,2,Mirror,2
23,2,Mirror,2
23,2,Mirror,2
23,2,Mirror,2
23,2,Relax,0
23,2,Relax,0
23,2,Relax,0
23,2,Relax,0
23,2,Relax,0
23,2,Relax,0
23,2,Relax,0
23,2,Relax,0
23,2,Relax,0
23,2,Relax,0
23,2,Relax,0
23,2,Relax,0
23,2,Relax,0
23,2,Relax,0
23,2,Relax,0
23,2,Relax,0
23,2,Relax,0
23,2,Relax,0
23,2,Relax,0
23,2,Relax,0
23,2,Relax,0
23,2,Relax,0
23,2,Relax,0
23,2,Relax,0
23,2,Stroop,1
23,2,Stroop,1
23,2,Stroop,1
23,2,Stroop,1
23,2,Stroop,1
23,2,Stroop,1
23,2,Stroop,1
23,2,Stroop,1
23,2,Stroop,1
23,2,Stroop,1
23,2,Stroop,1
23,2,Stroop,1
23,2,Stroop,1
23,2,Stroop,1
23,2,Stroop,1
23,2,Stroop,1
23,2,Stroop,1
23,2,Stroop,1
23,2,Stroop,1
23,2,Stroop,1
23,2,Stroop,1
23,2,Stroop,1
23,2,Stroop,1
23,2,Stroop,1
23,3,Mirror,4
23,3,Mirror,4
23,3,Mirror,4
23,3,Mirror,4
23,3,Mirror,4
23,3,Mirror,4
23,3,Mirror,4
23,3,Mirror,4
23,3,Mirror,4
23,3,Mirror,4
23,3,Mirror,4
23,3,Mirror,4
23,3,Mirror,4
23,3,Mirror,4
23,3,Mirror,4
23,3,Mirror,4
23,3,Mirror,4
23,3,Mirror,4
23,3,Mirror,4
23,3,Mirror,4
23,3,Mirror,4
23,3,Mirror,4
23,3,Mirror,4
23,3,Mirror,4
23,3,Arithmetic,8
23,3,Arithmetic,8
23,3,Arithmetic,8
23,3,Arithmetic,8
23,3,Arithmetic,8
23,3,Arithmetic,8
23,3,Arithmetic,8
23,3,Arithmetic,8
23,3,Arithmetic,8
23,3,Arithmetic,8
23,3,Arithmetic,8
23,3,Arithmetic,8
23,3,Arithmetic,8
23,3,Arithmetic,8
23,3,Arithmetic,8
23,3,Arithmetic,8
23,3,Arithmetic,8
23,3,Arithmetic,8
23,3,Arithmetic,8
23,3,Arithmetic,8
23,3,Arithmetic,8
23,3,Arithmetic,8
23,3,Arithmetic,8
23,3,Arithmetic,8
23,3,Relax,0
23,3,Relax,0
23,3,Relax,0
23,3,Relax,0
23,3,Relax,0
23,3,Relax,0
23,3,Relax,0
23,3,Relax,0
23,3,Relax,0
23,3,Relax,0
23,3,Relax,0
23,3,Relax,0
23,3,Relax,0
23,3,Relax,0
23,3,Relax,0
23,3,Relax,0
23,3,Relax,0
23,3,Relax,0
23,3,Relax,0
23,3,Relax,0
23,3,Relax,0
23,3,Relax,0
23,3,Relax,0
23,3,Relax,0
23,3,Stroop,5
23,3,Stroop,5
23,3,Stroop,5
23,3,Stroop,5
23,3,Stroop,5
23,3,Stroop,5
23,3,Stroop,5
23,3,Stroop,5
23,3,Stroop,5
23,3,Stroop,5
23,3,Stroop,5
23,3,Stroop,5
23,3,Stroop,5
23,3,Stroop,5
23,3,Stroop,5
23,3,Stroop,5
23,3,Stroop,5
23,3,Stroop,5
23,3,Stroop,5
23,3,Stroop,5
23,3,Stroop,5
23,3,Stroop,5
23,3,Stroop,5
23,3,Stroop,5
24,1,Mirror,2
24,1,Mirror,2
24,1,Mirror,2
24,1,Mirror,2
24,1,Mirror,2
24,1,Mirror,2
24,1,Mirror,2
24,1,Mirror,2
24,1,Mirror,2
24,1,Mirror,2
24,1,Mirror,2
24,1,Mirror,2
24,1,Mirror,2
24,1,Mirror,2
24,1,Mirror,2
24,1,Mirror,2
24,1,Mirror,2
24,1,Mirror,2
24,1,Mirror,2
24,1,Mirror,2
24,1,Mirror,2
24,1,Mirror,2
24,1,Mirror,2
24,1,Mirror,2
24,1,Arithmetic,4
24,1,Arithmetic,4
24,1,Arithmetic,4
24,1,Arithmetic,4
24,1,Arithmetic,4
24,1,Arithmetic,4
24,1,Arithmetic,4
24,1,Arithmetic,4
24,1,Arithmetic,4
24,1,Arithmetic,4
24,1,Arithmetic,4
24,1,Arithmetic,4
24,1,Arithmetic,4
24,1,Arithmetic,4
24,1,Arithmetic,4
24,1,Arithmetic,4
24,1,Arithmetic,4
24,1,Arithmetic,4
24,1,Arithmetic,4
24,1,Arithmetic,4
24,1,Arithmetic,4
24,1,Arithmetic,4
24,1,Arithmetic,4
24,1,Arithmetic,4
24,1,Stroop,1
24,1,Stroop,1
24,1,Stroop,1
24,1,Stroop,1
24,1,Stroop,1
24,1,Stroop,1
24,1,Stroop,1
24,1,Stroop,1
24,1,Stroop,1
24,1,Stroop,1
24,1,Stroop,1
24,1,Stroop,1
24,1,Stroop,1
24,1,Stroop,1
24,1,Stroop,1
24,1,Stroop,1
24,1,Stroop,1
24,1,Stroop,1
24,1,Stroop,1
24,1,Stroop,1
24,1,Stroop,1
24,1,Stroop,1
24,1,Stroop,1
24,1,Stroop,1
24,1,Relax,0
24,1,Relax,0
24,1,Relax,0
24,1,Relax,0
24,1,Relax,0
24,1,Relax,0
24,1,Relax,0
24,1,Relax,0
24,1,Relax,0
24,1,Relax,0
24,1,Relax,0
24,1,Relax,0
24,1,Relax,0
24,1,Relax,0
24,1,Relax,0
24,1,Relax,0
24,1,Relax,0
24,1,Relax,0
24,1,Relax,0
24,1,Relax,0
24,1,Relax,0
24,1,Relax,0
24,1,Relax,0
24,1,Relax,0
24,2,Mirror,1
24,2,Mirror,1
24,2,Mirror,1
24,2,Mirror,1
24,2,Mirror,1
24,2,Mirror,1
24,2,Mirror,1
24,2,Mirror,1
24,2,Mirror,1
24,2,Mirror,1
24,2,Mirror,1
24,2,Mirror,1
24,2,Mirror,1
24,2,Mirror,1
24,2,Mirror,1
24,2,Mirror,1
24,2,Mirror,1
24,2,Mirror,1
24,2,Mirror,1
24,2,Mirror,1
24,2,Mirror,1
24,2,Mirror,1
24,2,Mirror,1
24,2,Mirror,1
24,2,Arithmetic,2
24,2,Arithmetic,2
24,2,Arithmetic,2
24,2,Arithmetic,2
24,2,Arithmetic,2
24,2,Arithmetic,2
24,2,Arithmetic,2
24,2,Arithmetic,2
24,2,Arithmetic,2
24,2,Arithmetic,2
24,2,Arithmetic,2
24,2,Arithmetic,2
24,2,Arithmetic,2
24,2,Arithmetic,2
24,2,Arithmetic,2
24,2,Arithmetic,2
24,2,Arithmetic,2
24,2,Arithmetic,2
24,2,Arithmetic,2
24,2,Arithmetic,2
24,2,Arithmetic,2
24,2,Arithmetic,2
24,2,Arithmetic,2
24,2,Arithmetic,2
24,2,Stroop,1
24,2,Stroop,1
24,2,Stroop,1
24,2,Stroop,1
24,2,Stroop,1
24,2,Stroop,1
24,2,Stroop,1
24,2,Stroop,1
24,2,Stroop,1
24,2,Stroop,1
24,2,Stroop,1
24,2,Stroop,1
24,2,Stroop,1
24,2,Stroop,1
24,2,Stroop,1
24,2,Stroop,1
24,2,Stroop,1
24,2,Stroop,1
24,2,Stroop,1
24,2,Stroop,1
24,2,Stroop,1
24,2,Stroop,1
24,2,Stroop,1
24,2,Stroop,1
24,2,Relax,0
24,2,Relax,0
24,2,Relax,0
24,2,Relax,0
24,2,Relax,0
24,2,Relax,0
24,2,Relax,0
24,2,Relax,0
24,2,Relax,0
24,2,Relax,0
24,2,Relax,0
24,2,Relax,0
24,2,Relax,0
24,2,Relax,0
24,2,Relax,0
24,2,Relax,0
24,2,Relax,0
24,2,Relax,0
24,2,Relax,0
24,2,Relax,0
24,2,Relax,0
24,2,Relax,0
24,2,Relax,0
24,2,Relax,0
24,3,Arithmetic,5
24,3,Arithmetic,5
24,3,Arithmetic,5
24,3,Arithmetic,5
24,3,Arithmetic,5
24,3,Arithmetic,5
24,3,Arithmetic,5
24,3,Arithmetic,5
24,3,Arithmetic,5
24,3,Arithmetic,5
24,3,Arithmetic,5
24,3,Arithmetic,5
24,3,Arithmetic,5
24,3,Arithmetic,5
24,3,Arithmetic,5
24,3,Arithmetic,5
24,3,Arithmetic,5
24,3,Arithmetic,5
24,3,Arithmetic,5
24,3,Arithmetic,5
24,3,Arithmetic,5
24,3,Arithmetic,5
24,3,Arithmetic,5
24,3,Arithmetic,5
24,3,Mirror,7
24,3,Mirror,7
24,3,Mirror,7
24,3,Mirror,7
24,3,Mirror,7
24,3,Mirror,7
24,3,Mirror,7
24,3,Mirror,7
24,3,Mirror,7
24,3,Mirror,7
24,3,Mirror,7
24,3,Mirror,7
24,3,Mirror,7
24,3,Mirror,7
24,3,Mirror,7
24,3,Mirror,7
24,3,Mirror,7
24,3,Mirror,7
24,3,Mirror,7
24,3,Mirror,7
24,3,Mirror,7
24,3,Mirror,7
24,3,Mirror,7
24,3,Mirror,7
24,3,Stroop,4
24,3,Stroop,4
24,3,Stroop,4
24,3,Stroop,4
24,3,Stroop,4
24,3,Stroop,4
24,3,Stroop,4
24,3,Stroop,4
24,3,Stroop,4
24,3,Stroop,4
24,3,Stroop,4
24,3,Stroop,4
24,3,Stroop,4
24,3,Stroop,4
24,3,Stroop,4
24,3,Stroop,4
24,3,Stroop,4
24,3,Stroop,4
24,3,Stroop,4
24,3,Stroop,4
24,3,Stroop,4
24,3,Stroop,4
24,3,Stroop,4
24,3,Stroop,4
24,3,Relax,0
24,3,Relax,0
24,3,Relax,0
24,3,Relax,0
24,3,Relax,0
24,3,Relax,0
24,3,Relax,0
24,3,Relax,0
24,3,Relax,0
24,3,Relax,0
24,3,Relax,0
24,3,Relax,0
24,3,Relax,0
24,3,Relax,0
24,3,Relax,0
24,3,Relax,0
24,3,Relax,0
24,3,Relax,0
24,3,Relax,0
24,3,Relax,0
24,3,Relax,0
24,3,Relax,0
24,3,Relax,0
24,3,Relax,0
25,1,Stroop,2
25,1,Stroop,2
25,1,Stroop,2
25,1,Stroop,2
25,1,Stroop,2
25,1,Stroop,2
25,1,Stroop,2
25,1,Stroop,2
25,1,Stroop,2
25,1,Stroop,2
25,1,Stroop,2
25,1,Stroop,2
25,1,Stroop,2
25,1,Stroop,2
25,1,Stroop,2
25,1,Stroop,2
25,1,Stroop,2
25,1,Stroop,2
25,1,Stroop,2
25,1,Stroop,2
25,1,Stroop,2
25,1,Stroop,2
25,1,Stroop,2
25,1,Stroop,2
25,1,Relax,0
25,1,Relax,0
25,1,Relax,0
25,1,Relax,0
25,1,Relax,0
25,1,Relax,0
25,1,Relax,0
25,1,Relax,0
25,1,Relax,0
25,1,Relax,0
25,1,Relax,0
25,1,Relax,0
25,1,Relax,0
25,1,Relax,0
25,1,Relax,0
25,1,Relax,0
25,1,Relax,0
25,1,Relax,0
25,1,Relax,0
25,1,Relax,0
25,1,Relax,0
25,1,Relax,0
25,1,Relax,0
25,1,Relax,0
25,1,Mirror,1
25,1,Mirror,1
25,1,Mirror,1
25,1,Mirror,1
25,1,Mirror,1
25,1,Mirror,1
25,1,Mirror,1
25,1,Mirror,1
25,1,Mirror,1
25,1,Mirror,1
25,1,Mirror,1
25,1,Mirror,1
25,1,Mirror,1
25,1,Mirror,1
25,1,Mirror,1
25,1,Mirror,1
25,1,Mirror,1
25,1,Mirror,1
25,1,Mirror,1
25,1,Mirror,1
25,1,Mirror,1
25,1,Mirror,1
25,1,Mirror,1
25,1,Mirror,1
25,1,Arithmetic,2
25,1,Arithmetic,2
25,1,Arithmetic,2
25,1,Arithmetic,2
25,1,Arithmetic,2
25,1,Arithmetic,2
25,1,Arithmetic,2
25,1,Arithmetic,2
25,1,Arithmetic,2
25,1,Arithmetic,2
25,1,Arithmetic,2
25,1,Arithmetic,2
25,1,Arithmetic,2
25,1,Arithmetic,2
25,1,Arithmetic,2
25,1,Arithmetic,2
25,1,Arithmetic,2
25,1,Arithmetic,2
25,1,Arithmetic,2
25,1,Arithmetic,2
25,1,Arithmetic,2
25,1,Arithmetic,2
25,1,Arithmetic,2
25,1,Arithmetic,2
25,2,Stroop,2
25,2,Stroop,2
25,2,Stroop,2
25,2,Stroop,2
25,2,Stroop,2
25,2,Stroop,2
25,2,Stroop,2
25,2,Stroop,2
25,2,Stroop,2
25,2,Stroop,2
25,2,Stroop,2
25,2,Stroop,2
25,2,Stroop,2
25,2,Stroop,2
25,2,Stroop,2
25,2,Stroop,2
25,2,Stroop,2
25,2,Stroop,2
25,2,Stroop,2
25,2,Stroop,2
25,2,Stroop,2
25,2,Stroop,2
25,2,Stroop,2
25,2,Stroop,2
25,2,Relax,0
25,2,Relax,0
25,2,Relax,0
25,2,Relax,0
25,2,Relax,0
25,2,Relax,0
25,2,Relax,0
25,2,Relax,0
25,2,Relax,0
25,2,Relax,0
25,2,Relax,0
25,2,Relax,0
25,2,Relax,0
25,2,Relax,0
25,2,Relax,0
25,2,Relax,0
25,2,Relax,0
25,2,Relax,0
25,2,Relax,0
25,2,Relax,0
25,2,Relax,0
25,2,Relax,0
25,2,Relax,0
25,2,Relax,0
25,2,Mirror,1
25,2,Mirror,1
25,2,Mirror,1
25,2,Mirror,1
25,2,Mirror,1
25,2,Mirror,1
25,2,Mirror,1
25,2,Mirror,1
25,2,Mirror,1
25,2,Mirror,1
25,2,Mirror,1
25,2,Mirror,1
25,2,Mirror,1
25,2,Mirror,1
25,2,Mirror,1
25,2,Mirror,1
25,2,Mirror,1
25,2,Mirror,1
25,2,Mirror,1
25,2,Mirror,1
25,2,Mirror,1
25,2,Mirror,1
25,2,Mirror,1
25,2,Mirror,1
25,2,Arithmetic,2
25,2,Arithmetic,2
25,2,Arithmetic,2
25,2,Arithmetic,2
25,2,Arithmetic,2
25,2,Arithmetic,2
25,2,Arithmetic,2
25,2,Arithmetic,2
25,2,Arithmetic,2
25,2,Arithmetic,2
25,2,Arithmetic,2
25,2,Arithmetic,2
25,2,Arithmetic,2
25,2,Arithmetic,2
25,2,Arithmetic,2
25,2,Arithmetic,2
25,2,Arithmetic,2
25,2,Arithmetic,2
25,2,Arithmetic,2
25,2,Arithmetic,2
25,2,Arithmetic,2
25,2,Arithmetic,2
25,2,Arithmetic,2
25,2,Arithmetic,2
25,3,Stroop,5
25,3,Stroop,5
25,3,Stroop,5
25,3,Stroop,5
25,3,Stroop,5
25,3,Stroop,5
25,3,Stroop,5
25,3,Stroop,5
25,3,Stroop,5
25,3,Stroop,5
25,3,Stroop,5
25,3,Stroop,5
25,3,Stroop,5
25,3,Stroop,5
25,3,Stroop,5
25,3,Stroop,5
25,3,Stroop,5
25,3,Stroop,5
25,3,Stroop,5
25,3,Stroop,5
25,3,Stroop,5
25,3,Stroop,5
25,3,Stroop,5
25,3,Stroop,5
25,3,Relax,0
25,3,Relax,0
25,3,Relax,0
25,3,Relax,0
25,3,Relax,0
25,3,Relax,0
25,3,Relax,0
25,3,Relax,0
25,3,Relax,0
25,3,Relax,0
25,3,Relax,0
25,3,Relax,0
25,3,Relax,0
25,3,Relax,0
25,3,Relax,0
25,3,Relax,0
25,3,Relax,0
25,3,Relax,0
25,3,Relax,0
25,3,Relax,0
25,3,Relax,0
25,3,Relax,0
25,3,Relax,0
25,3,Relax,0
25,3,Arithmetic,5
25,3,Arithmetic,5
25,3,Arithmetic,5
25,3,Arithmetic,5
25,3,Arithmetic,5
25,3,Arithmetic,5
25,3,Arithmetic,5
25,3,Arithmetic,5
25,3,Arithmetic,5
25,3,Arithmetic,5
25,3,Arithmetic,5
25,3,Arithmetic,5
25,3,Arithmetic,5
25,3,Arithmetic,5
25,3,Arithmetic,5
25,3,Arithmetic,5
25,3,Arithmetic,5
25,3,Arithmetic,5
25,3,Arithmetic,5
25,3,Arithmetic,5
25,3,Arithmetic,5
25,3,Arithmetic,5
25,3,Arithmetic,5
25,3,Arithmetic,5
25,3,Mirror,7
25,3,Mirror,7
25,3,Mirror,7
25,3,Mirror,7
25,3,Mirror,7
25,3,Mirror,7
25,3,Mirror,7
25,3,Mirror,7
25,3,Mirror,7
25,3,Mirror,7
25,3,Mirror,7
25,3,Mirror,7
25,3,Mirror,7
25,3,Mirror,7
25,3,Mirror,7
25,3,Mirror,7
25,3,Mirror,7
25,3,Mirror,7
25,3,Mirror,7
25,3,Mirror,7
25,3,Mirror,7
25,3,Mirror,7
25,3,Mirror,7
25,3,Mirror,7
26,1,Arithmetic,6
26,1,Arithmetic,6
26,1,Arithmetic,6
26,1,Arithmetic,6
26,1,Arithmetic,6
26,1,Arithmetic,6
26,1,Arithmetic,6
26,1,Arithmetic,6
26,1,Arithmetic,6
26,1,Arithmetic,6
26,1,Arithmetic,6
26,1,Arithmetic,6
26,1,Arithmetic,6
26,1,Arithmetic,6
26,1,Arithmetic,6
26,1,Arithmetic,6
26,1,Arithmetic,6
26,1,Arithmetic,6
26,1,Arithmetic,6
26,1,Arithmetic,6
26,1,Arithmetic,6
26,1,Arithmetic,6
26,1,Arithmetic,6
26,1,Arithmetic,6
26,1,Mirror,7
26,1,Mirror,7
26,1,Mirror,7
26,1,Mirror,7
26,1,Mirror,7
26,1,Mirror,7
26,1,Mirror,7
26,1,Mirror,7
26,1,Mirror,7
26,1,Mirror,7
26,1,Mirror,7
26,1,Mirror,7
26,1,Mirror,7
26,1,Mirror,7
26,1,Mirror,7
26,1,Mirror,7
26,1,Mirror,7
26,1,Mirror,7
26,1,Mirror,7
26,1,Mirror,7
26,1,Mirror,7
26,1,Mirror,7
26,1,Mirror,7
26,1,Mirror,7
26,1,Relax,0
26,1,Relax,0
26,1,Relax,0
26,1,Relax,0
26,1,Relax,0
26,1,Relax,0
26,1,Relax,0
26,1,Relax,0
26,1,Relax,0
26,1,Relax,0
26,1,Relax,0
26,1,Relax,0
26,1,Relax,0
26,1,Relax,0
26,1,Relax,0
26,1,Relax,0
26,1,Relax,0
26,1,Relax,0
26,1,Relax,0
26,1,Relax,0
26,1,Relax,0
26,1,Relax,0
26,1,Relax,0
26,1,Relax,0
26,1,Stroop,8
26,1,Stroop,8
26,1,Stroop,8
26,1,Stroop,8
26,1,Stroop,8
26,1,Stroop,8
26,1,Stroop,8
26,1,Stroop,8
26,1,Stroop,8
26,1,Stroop,8
26,1,Stroop,8
26,1,Stroop,8
26,1,Stroop,8
26,1,Stroop,8
26,1,Stroop,8
26,1,Stroop,8
26,1,Stroop,8
26,1,Stroop,8
26,1,Stroop,8
26,1,Stroop,8
26,1,Stroop,8
26,1,Stroop,8
26,1,Stroop,8
26,1,Stroop,8
26,2,Arithmetic,6
26,2,Arithmetic,6
26,2,Arithmetic,6
26,2,Arithmetic,6
26,2,Arithmetic,6
26,2,Arithmetic,6
26,2,Arithmetic,6
26,2,Arithmetic,6
26,2,Arithmetic,6
26,2,Arithmetic,6
26,2,Arithmetic,6
26,2,Arithmetic,6
26,2,Arithmetic,6
26,2,Arithmetic,6
26,2,Arithmetic,6
26,2,Arithmetic,6
26,2,Arithmetic,6
26,2,Arithmetic,6
26,2,Arithmetic,6
26,2,Arithmetic,6
26,2,Arithmetic,6
26,2,Arithmetic,6
26,2,Arithmetic,6
26,2,Arithmetic,6
26,2,Mirror,8
26,2,Mirror,8
26,2,Mirror,8
26,2,Mirror,8
26,2,Mirror,8
26,2,Mirror,8
26,2,Mirror,8
26,2,Mirror,8
26,2,Mirror,8
26,2,Mirror,8
26,2,Mirror,8
26,2,Mirror,8
26,2,Mirror,8
26,2,Mirror,8
26,2,Mirror,8
26,2,Mirror,8
26,2,Mirror,8
26,2,Mirror,8
26,2,Mirror,8
26,2,Mirror,8
26,2,Mirror,8
26,2,Mirror,8
26,2,Mirror,8
26,2,Mirror,8
26,2,Relax,0
26,2,Relax,0
26,2,Relax,0
26,2,Relax,0
26,2,Relax,0
26,2,Relax,0
26,2,Relax,0
26,2,Relax,0
26,2,Relax,0
26,2,Relax,0
26,2,Relax,0
26,2,Relax,0
26,2,Relax,0
26,2,Relax,0
26,2,Relax,0
26,2,Relax,0
26,2,Relax,0
26,2,Relax,0
26,2,Relax,0
26,2,Relax,0
26,2,Relax,0
26,2,Relax,0
26,2,Relax,0
26,2,Relax,0
26,2,Stroop,7
26,2,Stroop,7
26,2,Stroop,7
26,2,Stroop,7
26,2,Stroop,7
26,2,Stroop,7
26,2,Stroop,7
26,2,Stroop,7
26,2,Stroop,7
26,2,Stroop,7
26,2,Stroop,7
26,2,Stroop,7
26,2,Stroop,7
26,2,Stroop,7
26,2,Stroop,7
26,2,Stroop,7
26,2,Stroop,7
26,2,Stroop,7
26,2,Stroop,7
26,2,Stroop,7
26,2,Stroop,7
26,2,Stroop,7
26,2,Stroop,7
26,2,Stroop,7
26,3,Mirror,5
26,3,Mirror,5
26,3,Mirror,5
26,3,Mirror,5
26,3,Mirror,5
26,3,Mirror,5
26,3,Mirror,5
26,3,Mirror,5
26,3,Mirror,5
26,3,Mirror,5
26,3,Mirror,5
26,3,Mirror,5
26,3,Mirror,5
26,3,Mirror,5
26,3,Mirror,5
26,3,Mirror,5
26,3,Mirror,5
26,3,Mirror,5
26,3,Mirror,5
26,3,Mirror,5
26,3,Mirror,5
26,3,Mirror,5
26,3,Mirror,5
26,3,Mirror,5
26,3,Arithmetic,4
26,3,Arithmetic,4
26,3,Arithmetic,4
26,3,Arithmetic,4
26,3,Arithmetic,4
26,3,Arithmetic,4
26,3,Arithmetic,4
26,3,Arithmetic,4
26,3,Arithmetic,4
26,3,Arithmetic,4
26,3,Arithmetic,4
26,3,Arithmetic,4
26,3,Arithmetic,4
26,3,Arithmetic,4
26,3,Arithmetic,4
26,3,Arithmetic,4
26,3,Arithmetic,4
26,3,Arithmetic,4
26,3,Arithmetic,4
26,3,Arithmetic,4
26,3,Arithmetic,4
26,3,Arithmetic,4
26,3,Arithmetic,4
26,3,Arithmetic,4
26,3,Relax,0
26,3,Relax,0
26,3,Relax,0
26,3,Relax,0
26,3,Relax,0
26,3,Relax,0
26,3,Relax,0
26,3,Relax,0
26,3,Relax,0
26,3,Relax,0
26,3,Relax,0
26,3,Relax,0
26,3,Relax,0
26,3,Relax,0
26,3,Relax,0
26,3,Relax,0
26,3,Relax,0
26,3,Relax,0
26,3,Relax,0
26,3,Relax,0
26,3,Relax,0
26,3,Relax,0
26,3,Relax,0
26,3,Relax,0
26,3,Stroop,6
26,3,Stroop,6
26,3,Stroop,6
26,3,Stroop,6
26,3,Stroop,6
26,3,Stroop,6
26,3,Stroop,6
26,3,Stroop,6
26,3,Stroop,6
26,3,Stroop,6
26,3,Stroop,6
26,3,Stroop,6
26,3,Stroop,6
26,3,Stroop,6
26,3,Stroop,6
26,3,Stroop,6
26,3,Stroop,6
26,3,Stroop,6
26,3,Stroop,6
26,3,Stroop,6
26,3,Stroop,6
26,3,Stroop,6
26,3,Stroop,6
26,3,Stroop,6
27,1,Relax,0
27,1,Relax,0
27,1,Relax,0
27,1,Relax,0
27,1,Relax,0
27,1,Relax,0
27,1,Relax,0
27,1,Relax,0
27,1,Relax,0
27,1,Relax,0
27,1,Relax,0
27,1,Relax,0
27,1,Relax,0
27,1,Relax,0
27,1,Relax,0
27,1,Relax,0
27,1,Relax,0
27,1,Relax,0
27,1,Relax,0
27,1,Relax,0
27,1,Relax,0
27,1,Relax,0
27,1,Relax,0
27,1,Relax,0
27,1,Stroop,3
27,1,Stroop,3
27,1,Stroop,3
27,1,Stroop,3
27,1,Stroop,3
27,1,Stroop,3
27,1,Stroop,3
27,1,Stroop,3
27,1,Stroop,3
27,1,Stroop,3
27,1,Stroop,3
27,1,Stroop,3
27,1,Stroop,3
27,1,Stroop,3
27,1,Stroop,3
27,1,Stroop,3
27,1,Stroop,3
27,1,Stroop,3
27,1,Stroop,3
27,1,Stroop,3
27,1,Stroop,3
27,1,Stroop,3
27,1,Stroop,3
27,1,Stroop,3
27,1,Arithmetic,5
27,1,Arithmetic,5
27,1,Arithmetic,5
27,1,Arithmetic,5
27,1,Arithmetic,5
27,1,Arithmetic,5
27,1,Arithmetic,5
27,1,Arithmetic,5
27,1,Arithmetic,5
27,1,Arithmetic,5
27,1,Arithmetic,5
27,1,Arithmetic,5
27,1,Arithmetic,5
27,1,Arithmetic,5
27,1,Arithmetic,5
27,1,Arithmetic,5
27,1,Arithmetic,5
27,1,Arithmetic,5
27,1,Arithmetic,5
27,1,Arithmetic,5
27,1,Arithmetic,5
27,1,Arithmetic,5
27,1,Arithmetic,5
27,1,Arithmetic,5
27,1,Mirror,5
27,1,Mirror,5
27,1,Mirror,5
27,1,Mirror,5
27,1,Mirror,5
27,1,Mirror,5
27,1,Mirror,5
27,1,Mirror,5
27,1,Mirror,5
27,1,Mirror,5
27,1,Mirror,5
27,1,Mirror,5
27,1,Mirror,5
27,1,Mirror,5
27,1,Mirror,5
27,1,Mirror,5
27,1,Mirror,5
27,1,Mirror,5
27,1,Mirror,5
27,1,Mirror,5
27,1,Mirror,5
27,1,Mirror,5
27,1,Mirror,5
27,1,Mirror,5
27,2,Relax,0
27,2,Relax,0
27,2,Relax,0
27,2,Relax,0
27,2,Relax,0
27,2,Relax,0
27,2,Relax,0
27,2,Relax,0
27,2,Relax,0
27,2,Relax,0
27,2,Relax,0
27,2,Relax,0
27,2,Relax,0
27,2,Relax,0
27,2,Relax,0
27,2,Relax,0
27,2,Relax,0
27,2,Relax,0
27,2,Relax,0
27,2,Relax,0
27,2,Relax,0
27,2,Relax,0
27,2,Relax,0
27,2,Relax,0
27,2,Stroop,2
27,2,Stroop,2
27,2,Stroop,2
27,2,Stroop,2
27,2,Stroop,2
27,2,Stroop,2
27,2,Stroop,2
27,2,Stroop,2
27,2,Stroop,2
27,2,Stroop,2
27,2,Stroop,2
27,2,Stroop,2
27,2,Stroop,2
27,2,Stroop,2
27,2,Stroop,2
27,2,Stroop,2
27,2,Stroop,2
27,2,Stroop,2
27,2,Stroop,2
27,2,Stroop,2
27,2,Stroop,2
27,2,Stroop,2
27,2,Stroop,2
27,2,Stroop,2
27,2,Arithmetic,3
27,2,Arithmetic,3
27,2,Arithmetic,3
27,2,Arithmetic,3
27,2,Arithmetic,3
27,2,Arithmetic,3
27,2,Arithmetic,3
27,2,Arithmetic,3
27,2,Arithmetic,3
27,2,Arithmetic,3
27,2,Arithmetic,3
27,2,Arithmetic,3
27,2,Arithmetic,3
27,2,Arithmetic,3
27,2,Arithmetic,3
27,2,Arithmetic,3
27,2,Arithmetic,3
27,2,Arithmetic,3
27,2,Arithmetic,3
27,2,Arithmetic,3
27,2,Arithmetic,3
27,2,Arithmetic,3
27,2,Arithmetic,3
27,2,Arithmetic,3
27,2,Mirror,4
27,2,Mirror,4
27,2,Mirror,4
27,2,Mirror,4
27,2,Mirror,4
27,2,Mirror,4
27,2,Mirror,4
27,2,Mirror,4
27,2,Mirror,4
27,2,Mirror,4
27,2,Mirror,4
27,2,Mirror,4
27,2,Mirror,4
27,2,Mirror,4
27,2,Mirror,4
27,2,Mirror,4
27,2,Mirror,4
27,2,Mirror,4
27,2,Mirror,4
27,2,Mirror,4
27,2,Mirror,4
27,2,Mirror,4
27,2,Mirror,4
27,2,Mirror,4
27,3,Relax,0
27,3,Relax,0
27,3,Relax,0
27,3,Relax,0
27,3,Relax,0
27,3,Relax,0
27,3,Relax,0
27,3,Relax,0
27,3,Relax,0
27,3,Relax,0
27,3,Relax,0
27,3,Relax,0
27,3,Relax,0
27,3,Relax,0
27,3,Relax,0
27,3,Relax,0
27,3,Relax,0
27,3,Relax,0
27,3,Relax,0
27,3,Relax,0
27,3,Relax,0
27,3,Relax,0
27,3,Relax,0
27,3,Relax,0
27,3,Stroop,3
27,3,Stroop,3
27,3,Stroop,3
27,3,Stroop,3
27,3,Stroop,3
27,3,Stroop,3
27,3,Stroop,3
27,3,Stroop,3
27,3,Stroop,3
27,3,Stroop,3
27,3,Stroop,3
27,3,Stroop,3
27,3,Stroop,3
27,3,Stroop,3
27,3,Stroop,3
27,3,Stroop,3
27,3,Stroop,3
27,3,Stroop,3
27,3,Stroop,3
27,3,Stroop,3
27,3,Stroop,3
27,3,Stroop,3
27,3,Stroop,3
27,3,Stroop,3
27,3,Mirror,3
27,3,Mirror,3
27,3,Mirror,3
27,3,Mirror,3
27,3,Mirror,3
27,3,Mirror,3
27,3,Mirror,3
27,3,Mirror,3
27,3,Mirror,3
27,3,Mirror,3
27,3,Mirror,3
27,3,Mirror,3
27,3,Mirror,3
27,3,Mirror,3
27,3,Mirror,3
27,3,Mirror,3
27,3,Mirror,3
27,3,Mirror,3
27,3,Mirror,3
27,3,Mirror,3
27,3,Mirror,3
27,3,Mirror,3
27,3,Mirror,3
27,3,Mirror,3
27,3,Arithmetic,5
27,3,Arithmetic,5
27,3,Arithmetic,5
27,3,Arithmetic,5
27,3,Arithmetic,5
27,3,Arithmetic,5
27,3,Arithmetic,5
27,3,Arithmetic,5
27,3,Arithmetic,5
27,3,Arithmetic,5
27,3,Arithmetic,5
27,3,Arithmetic,5
27,3,Arithmetic,5
27,3,Arithmetic,5
27,3,Arithmetic,5
27,3,Arithmetic,5
27,3,Arithmetic,5
27,3,Arithmetic,5
27,3,Arithmetic,5
27,3,Arithmetic,5
27,3,Arithmetic,5
27,3,Arithmetic,5
27,3,Arithmetic,5
27,3,Arithmetic,5
28,1,Stroop,7
28,1,Stroop,7
28,1,Stroop,7
28,1,Stroop,7
28,1,Stroop,7
28,1,Stroop,7
28,1,Stroop,7
28,1,Stroop,7
28,1,Stroop,7
28,1,Stroop,7
28,1,Stroop,7
28,1,Stroop,7
28,1,Stroop,7
28,1,Stroop,7
28,1,Stroop,7
28,1,Stroop,7
28,1,Stroop,7
28,1,Stroop,7
28,1,Stroop,7
28,1,Stroop,7
28,1,Stroop,7
28,1,Stroop,7
28,1,Stroop,7
28,1,Stroop,7
28,1,Relax,0
28,1,Relax,0
28,1,Relax,0
28,1,Relax,0
28,1,Relax,0
28,1,Relax,0
28,1,Relax,0
28,1,Relax,0
28,1,Relax,0
28,1,Relax,0
28,1,Relax,0
28,1,Relax,0
28,1,Relax,0
28,1,Relax,0
28,1,Relax,0
28,1,Relax,0
28,1,Relax,0
28,1,Relax,0
28,1,Relax,0
28,1,Relax,0
28,1,Relax,0
28,1,Relax,0
28,1,Relax,0
28,1,Relax,0
28,1,Mirror,8
28,1,Mirror,8
28,1,Mirror,8
28,1,Mirror,8
28,1,Mirror,8
28,1,Mirror,8
28,1,Mirror,8
28,1,Mirror,8
28,1,Mirror,8
28,1,Mirror,8
28,1,Mirror,8
28,1,Mirror,8
28,1,Mirror,8
28,1,Mirror,8
28,1,Mirror,8
28,1,Mirror,8
28,1,Mirror,8
28,1,Mirror,8
28,1,Mirror,8
28,1,Mirror,8
28,1,Mirror,8
28,1,Mirror,8
28,1,Mirror,8
28,1,Mirror,8
28,1,Arithmetic,7
28,1,Arithmetic,7
28,1,Arithmetic,7
28,1,Arithmetic,7
28,1,Arithmetic,7
28,1,Arithmetic,7
28,1,Arithmetic,7
28,1,Arithmetic,7
28,1,Arithmetic,7
28,1,Arithmetic,7
28,1,Arithmetic,7
28,1,Arithmetic,7
28,1,Arithmetic,7
28,1,Arithmetic,7
28,1,Arithmetic,7
28,1,Arithmetic,7
28,1,Arithmetic,7
28,1,Arithmetic,7
28,1,Arithmetic,7
28,1,Arithmetic,7
28,1,Arithmetic,7
28,1,Arithmetic,7
28,1,Arithmetic,7
28,1,Arithmetic,7
28,2,Stroop,5
28,2,Stroop,5
28,2,Stroop,5
28,2,Stroop,5
28,2,Stroop,5
28,2,Stroop,5
28,2,Stroop,5
28,2,Stroop,5
28,2,Stroop,5
28,2,Stroop,5
28,2,Stroop,5
28,2,Stroop,5
28,2,Stroop,5
28,2,Stroop,5
28,2,Stroop,5
28,2,Stroop,5
28,2,Stroop,5
28,2,Stroop,5
28,2,Stroop,5
28,2,Stroop,5
28,2,Stroop,5
28,2,Stroop,5
28,2,Stroop,5
28,2,Stroop,5
28,2,Relax,0
28,2,Relax,0
28,2,Relax,0
28,2,Relax,0
28,2,Relax,0
28,2,Relax,0
28,2,Relax,0
28,2,Relax,0
28,2,Relax,0
28,2,Relax,0
28,2,Relax,0
28,2,Relax,0
28,2,Relax,0
28,2,Relax,0
28,2,Relax,0
28,2,Relax,0
28,2,Relax,0
28,2,Relax,0
28,2,Relax,0
28,2,Relax,0
28,2,Relax,0
28,2,Relax,0
28,2,Relax,0
28,2,Relax,0
28,2,Mirror,7
28,2,Mirror,7
28,2,Mirror,7
28,2,Mirror,7
28,2,Mirror,7
28,2,Mirror,7
28,2,Mirror,7
28,2,Mirror,7
28,2,Mirror,7
28,2,Mirror,7
28,2,Mirror,7
28,2,Mirror,7
28,2,Mirror,7
28,2,Mirror,7
28,2,Mirror,7
28,2,Mirror,7
28,2,Mirror,7
28,2,Mirror,7
28,2,Mirror,7
28,2,Mirror,7
28,2,Mirror,7
28,2,Mirror,7
28,2,Mirror,7
28,2,Mirror,7
28,2,Arithmetic,7
28,2,Arithmetic,7
28,2,Arithmetic,7
28,2,Arithmetic,7
28,2,Arithmetic,7
28,2,Arithmetic,7
28,2,Arithmetic,7
28,2,Arithmetic,7
28,2,Arithmetic,7
28,2,Arithmetic,7
28,2,Arithmetic,7
28,2,Arithmetic,7
28,2,Arithmetic,7
28,2,Arithmetic,7
28,2,Arithmetic,7
28,2,Arithmetic,7
28,2,Arithmetic,7
28,2,Arithmetic,7
28,2,Arithmetic,7
28,2,Arithmetic,7
28,2,Arithmetic,7
28,2,Arithmetic,7
28,2,Arithmetic,7
28,2,Arithmetic,7
28,3,Stroop,4
28,3,Stroop,4
28,3,Stroop,4
28,3,Stroop,4
28,3,Stroop,4
28,3,Stroop,4
28,3,Stroop,4
28,3,Stroop,4
28,3,Stroop,4
28,3,Stroop,4
28,3,Stroop,4
28,3,Stroop,4
28,3,Stroop,4
28,3,Stroop,4
28,3,Stroop,4
28,3,Stroop,4
28,3,Stroop,4
28,3,Stroop,4
28,3,Stroop,4
28,3,Stroop,4
28,3,Stroop,4
28,3,Stroop,4
28,3,Stroop,4
28,3,Stroop,4
28,3,Relax,0
28,3,Relax,0
28,3,Relax,0
28,3,Relax,0
28,3,Relax,0
28,3,Relax,0
28,3,Relax,0
28,3,Relax,0
28,3,Relax,0
28,3,Relax,0
28,3,Relax,0
28,3,Relax,0
28,3,Relax,0
28,3,Relax,0
28,3,Relax,0
28,3,Relax,0
28,3,Relax,0
28,3,Relax,0
28,3,Relax,0
28,3,Relax,0
28,3,Relax,0
28,3,Relax,0
28,3,Relax,0
28,3,Relax,0
28,3,Arithmetic,6
28,3,Arithmetic,6
28,3,Arithmetic,6
28,3,Arithmetic,6
28,3,Arithmetic,6
28,3,Arithmetic,6
28,3,Arithmetic,6
28,3,Arithmetic,6
28,3,Arithmetic,6
28,3,Arithmetic,6
28,3,Arithmetic,6
28,3,Arithmetic,6
28,3,Arithmetic,6
28,3,Arithmetic,6
28,3,Arithmetic,6
28,3,Arithmetic,6
28,3,Arithmetic,6
28,3,Arithmetic,6
28,3,Arithmetic,6
28,3,Arithmetic,6
28,3,Arithmetic,6
28,3,Arithmetic,6
28,3,Arithmetic,6
28,3,Arithmetic,6
28,3,Mirror,5
28,3,Mirror,5
28,3,Mirror,5
28,3,Mirror,5
28,3,Mirror,5
28,3,Mirror,5
28,3,Mirror,5
28,3,Mirror,5
28,3,Mirror,5
28,3,Mirror,5
28,3,Mirror,5
28,3,Mirror,5
28,3,Mirror,5
28,3,Mirror,5
28,3,Mirror,5
28,3,Mirror,5
28,3,Mirror,5
28,3,Mirror,5
28,3,Mirror,5
28,3,Mirror,5
28,3,Mirror,5
28,3,Mirror,5
28,3,Mirror,5
28,3,Mirror,5
29,1,Mirror,7
29,1,Mirror,7
29,1,Mirror,7
29,1,Mirror,7
29,1,Mirror,7
29,1,Mirror,7
29,1,Mirror,7
29,1,Mirror,7
29,1,Mirror,7
29,1,Mirror,7
29,1,Mirror,7
29,1,Mirror,7
29,1,Mirror,7
29,1,Mirror,7
29,1,Mirror,7
29,1,Mirror,7
29,1,Mirror,7
29,1,Mirror,7
29,1,Mirror,7
29,1,Mirror,7
29,1,Mirror,7
29,1,Mirror,7
29,1,Mirror,7
29,1,Mirror,7
29,1,Arithmetic,6
29,1,Arithmetic,6
29,1,Arithmetic,6
29,1,Arithmetic,6
29,1,Arithmetic,6
29,1,Arithmetic,6
29,1,Arithmetic,6
29,1,Arithmetic,6
29,1,Arithmetic,6
29,1,Arithmetic,6
29,1,Arithmetic,6
29,1,Arithmetic,6
29,1,Arithmetic,6
29,1,Arithmetic,6
29,1,Arithmetic,6
29,1,Arithmetic,6
29,1,Arithmetic,6
29,1,Arithmetic,6
29,1,Arithmetic,6
29,1,Arithmetic,6
29,1,Arithmetic,6
29,1,Arithmetic,6
29,1,Arithmetic,6
29,1,Arithmetic,6
29,1,Stroop,6
29,1,Stroop,6
29,1,Stroop,6
29,1,Stroop,6
29,1,Stroop,6
29,1,Stroop,6
29,1,Stroop,6
29,1,Stroop,6
29,1,Stroop,6
29,1,Stroop,6
29,1,Stroop,6
29,1,Stroop,6
29,1,Stroop,6
29,1,Stroop,6
29,1,Stroop,6
29,1,Stroop,6
29,1,Stroop,6
29,1,Stroop,6
29,1,Stroop,6
29,1,Stroop,6
29,1,Stroop,6
29,1,Stroop,6
29,1,Stroop,6
29,1,Stroop,6
29,1,Relax,0
29,1,Relax,0
29,1,Relax,0
29,1,Relax,0
29,1,Relax,0
29,1,Relax,0
29,1,Relax,0
29,1,Relax,0
29,1,Relax,0
29,1,Relax,0
29,1,Relax,0
29,1,Relax,0
29,1,Relax,0
29,1,Relax,0
29,1,Relax,0
29,1,Relax,0
29,1,Relax,0
29,1,Relax,0
29,1,Relax,0
29,1,Relax,0
29,1,Relax,0
29,1,Relax,0
29,1,Relax,0
29,1,Relax,0
29,2,Mirror,7
29,2,Mirror,7
29,2,Mirror,7
29,2,Mirror,7
29,2,Mirror,7
29,2,Mirror,7
29,2,Mirror,7
29,2,Mirror,7
29,2,Mirror,7
29,2,Mirror,7
29,2,Mirror,7
29,2,Mirror,7
29,2,Mirror,7
29,2,Mirror,7
29,2,Mirror,7
29,2,Mirror,7
29,2,Mirror,7
29,2,Mirror,7
29,2,Mirror,7
29,2,Mirror,7
29,2,Mirror,7
29,2,Mirror,7
29,2,Mirror,7
29,2,Mirror,7
29,2,Arithmetic,8
29,2,Arithmetic,8
29,2,Arithmetic,8
29,2,Arithmetic,8
29,2,Arithmetic,8
29,2,Arithmetic,8
29,2,Arithmetic,8
29,2,Arithmetic,8
29,2,Arithmetic,8
29,2,Arithmetic,8
29,2,Arithmetic,8
29,2,Arithmetic,8
29,2,Arithmetic,8
29,2,Arithmetic,8
29,2,Arithmetic,8
29,2,Arithmetic,8
29,2,Arithmetic,8
29,2,Arithmetic,8
29,2,Arithmetic,8
29,2,Arithmetic,8
29,2,Arithmetic,8
29,2,Arithmetic,8
29,2,Arithmetic,8
29,2,Arithmetic,8
29,2,Stroop,6
29,2,Stroop,6
29,2,Stroop,6
29,2,Stroop,6
29,2,Stroop,6
29,2,Stroop,6
29,2,Stroop,6
29,2,Stroop,6
29,2,Stroop,6
29,2,Stroop,6
29,2,Stroop,6
29,2,Stroop,6
29,2,Stroop,6
29,2,Stroop,6
29,2,Stroop,6
29,2,Stroop,6
29,2,Stroop,6
29,2,Stroop,6
29,2,Stroop,6
29,2,Stroop,6
29,2,Stroop,6
29,2,Stroop,6
29,2,Stroop,6
29,2,Stroop,6
29,2,Relax,0
29,2,Relax,0
29,2,Relax,0
29,2,Relax,0
29,2,Relax,0
29,2,Relax,0
29,2,Relax,0
29,2,Relax,0
29,2,Relax,0
29,2,Relax,0
29,2,Relax,0
29,2,Relax,0
29,2,Relax,0
29,2,Relax,0
29,2,Relax,0
29,2,Relax,0
29,2,Relax,0
29,2,Relax,0
29,2,Relax,0
29,2,Relax,0
29,2,Relax,0
29,2,Relax,0
29,2,Relax,0
29,2,Relax,0
29,3,Arithmetic,6
29,3,Arithmetic,6
29,3,Arithmetic,6
29,3,Arithmetic,6
29,3,Arithmetic,6
29,3,Arithmetic,6
29,3,Arithmetic,6
29,3,Arithmetic,6
29,3,Arithmetic,6
29,3,Arithmetic,6
29,3,Arithmetic,6
29,3,Arithmetic,6
29,3,Arithmetic,6
29,3,Arithmetic,6
29,3,Arithmetic,6
29,3,Arithmetic,6
29,3,Arithmetic,6
29,3,Arithmetic,6
29,3,Arithmetic,6
29,3,Arithmetic,6
29,3,Arithmetic,6
29,3,Arithmetic,6
29,3,Arithmetic,6
29,3,Arithmetic,6
29,3,Mirror,6
29,3,Mirror,6
29,3,Mirror,6
29,3,Mirror,6
29,3,Mirror,6
29,3,Mirror,6
29,3,Mirror,6
29,3,Mirror,6
29,3,Mirror,6
29,3,Mirror,6
29,3,Mirror,6
29,3,Mirror,6
29,3,Mirror,6
29,3,Mirror,6
29,3,Mirror,6
29,3,Mirror,6
29,3,Mirror,6
29,3,Mirror,6
29,3,Mirror,6
29,3,Mirror,6
29,3,Mirror,6
29,3,Mirror,6
29,3,Mirror,6
29,3,Mirror,6
29,3,Stroop,5
29,3,Stroop,5
29,3,Stroop,5
29,3,Stroop,5
29,3,Stroop,5
29,3,Stroop,5
29,3,Stroop,5
29,3,Stroop,5
29,3,Stroop,5
29,3,Stroop,5
29,3,Stroop,5
29,3,Stroop,5
29,3,Stroop,5
29,3,Stroop,5
29,3,Stroop,5
29,3,Stroop,5
29,3,Stroop,5
29,3,Stroop,5
29,3,Stroop,5
29,3,Stroop,5
29,3,Stroop,5
29,3,Stroop,5
29,3,Stroop,5
29,3,Stroop,5
29,3,Relax,0
29,3,Relax,0
29,3,Relax,0
29,3,Relax,0
29,3,Relax,0
29,3,Relax,0
29,3,Relax,0
29,3,Relax,0
29,3,Relax,0
29,3,Relax,0
29,3,Relax,0
29,3,Relax,0
29,3,Relax,0
29,3,Relax,0
29,3,Relax,0
29,3,Relax,0
29,3,Relax,0
29,3,Relax,0
29,3,Relax,0
29,3,Relax,0
29,3,Relax,0
29,3,Relax,0
29,3,Relax,0
29,3,Relax,0
30,1,Arithmetic,7
30,1,Arithmetic,7
30,1,Arithmetic,7
30,1,Arithmetic,7
30,1,Arithmetic,7
30,1,Arithmetic,7
30,1,Arithmetic,7
30,1,Arithmetic,7
30,1,Arithmetic,7
30,1,Arithmetic,7
30,1,Arithmetic,7
30,1,Arithmetic,7
30,1,Arithmetic,7
30,1,Arithmetic,7
30,1,Arithmetic,7
30,1,Arithmetic,7
30,1,Arithmetic,7
30,1,Arithmetic,7
30,1,Arithmetic,7
30,1,Arithmetic,7
30,1,Arithmetic,7
30,1,Arithmetic,7
30,1,Arithmetic,7
30,1,Arithmetic,7
30,1,Mirror,6
30,1,Mirror,6
30,1,Mirror,6
30,1,Mirror,6
30,1,Mirror,6
30,1,Mirror,6
30,1,Mirror,6
30,1,Mirror,6
30,1,Mirror,6
30,1,Mirror,6
30,1,Mirror,6
30,1,Mirror,6
30,1,Mirror,6
30,1,Mirror,6
30,1,Mirror,6
30,1,Mirror,6
30,1,Mirror,6
30,1,Mirror,6
30,1,Mirror,6
30,1,Mirror,6
30,1,Mirror,6
30,1,Mirror,6
30,1,Mirror,6
30,1,Mirror,6
30,1,Stroop,5
30,1,Stroop,5
30,1,Stroop,5
30,1,Stroop,5
30,1,Stroop,5
30,1,Stroop,5
30,1,Stroop,5
30,1,Stroop,5
30,1,Stroop,5
30,1,Stroop,5
30,1,Stroop,5
30,1,Stroop,5
30,1,Stroop,5
30,1,Stroop,5
30,1,Stroop,5
30,1,Stroop,5
30,1,Stroop,5
30,1,Stroop,5
30,1,Stroop,5
30,1,Stroop,5
30,1,Stroop,5
30,1,Stroop,5
30,1,Stroop,5
30,1,Stroop,5
30,1,Relax,0
30,1,Relax,0
30,1,Relax,0
30,1,Relax,0
30,1,Relax,0
30,1,Relax,0
30,1,Relax,0
30,1,Relax,0
30,1,Relax,0
30,1,Relax,0
30,1,Relax,0
30,1,Relax,0
30,1,Relax,0
30,1,Relax,0
30,1,Relax,0
30,1,Relax,0
30,1,Relax,0
30,1,Relax,0
30,1,Relax,0
30,1,Relax,0
30,1,Relax,0
30,1,Relax,0
30,1,Relax,0
30,1,Relax,0
30,2,Arithmetic,8
30,2,Arithmetic,8
30,2,Arithmetic,8
30,2,Arithmetic,8
30,2,Arithmetic,8
30,2,Arithmetic,8
30,2,Arithmetic,8
30,2,Arithmetic,8
30,2,Arithmetic,8
30,2,Arithmetic,8
30,2,Arithmetic,8
30,2,Arithmetic,8
30,2,Arithmetic,8
30,2,Arithmetic,8
30,2,Arithmetic,8
30,2,Arithmetic,8
30,2,Arithmetic,8
30,2,Arithmetic,8
30,2,Arithmetic,8
30,2,Arithmetic,8
30,2,Arithmetic,8
30,2,Arithmetic,8
30,2,Arithmetic,8
30,2,Arithmetic,8
30,2,Mirror,6
30,2,Mirror,6
30,2,Mirror,6
30,2,Mirror,6
30,2,Mirror,6
30,2,Mirror,6
30,2,Mirror,6
30,2,Mirror,6
30,2,Mirror,6
30,2,Mirror,6
30,2,Mirror,6
30,2,Mirror,6
30,2,Mirror,6
30,2,Mirror,6
30,2,Mirror,6
30,2,Mirror,6
30,2,Mirror,6
30,2,Mirror,6
30,2,Mirror,6
30,2,Mirror,6
30,2,Mirror,6
30,2,Mirror,6
30,2,Mirror,6
30,2,Mirror,6
30,2,Stroop,5
30,2,Stroop,5
30,2,Stroop,5
30,2,Stroop,5
30,2,Stroop,5
30,2,Stroop,5
30,2,Stroop,5
30,2,Stroop,5
30,2,Stroop,5
30,2,Stroop,5
30,2,Stroop,5
30,2,Stroop,5
30,2,Stroop,5
30,2,Stroop,5
30,2,Stroop,5
30,2,Stroop,5
30,2,Stroop,5
30,2,Stroop,5
30,2,Stroop,5
30,2,Stroop,5
30,2,Stroop,5
30,2,Stroop,5
30,2,Stroop,5
30,2,Stroop,5
30,2,Relax,0
30,2,Relax,0
30,2,Relax,0
30,2,Relax,0
30,2,Relax,0
30,2,Relax,0
30,2,Relax,0
30,2,Relax,0
30,2,Relax,0
30,2,Relax,0
30,2,Relax,0
30,2,Relax,0
30,2,Relax,0
30,2,Relax,0
30,2,Relax,0
30,2,Relax,0
30,2,Relax,0
30,2,Relax,0
30,2,Relax,0
30,2,Relax,0
30,2,Relax,0
30,2,Relax,0
30,2,Relax,0
30,2,Relax,0
30,3,Mirror,5
30,3,Mirror,5
30,3,Mirror,5
30,3,Mirror,5
30,3,Mirror,5
30,3,Mirror,5
30,3,Mirror,5
30,3,Mirror,5
30,3,Mirror,5
30,3,Mirror,5
30,3,Mirror,5
30,3,Mirror,5
30,3,Mirror,5
30,3,Mirror,5
30,3,Mirror,5
30,3,Mirror,5
30,3,Mirror,5
30,3,Mirror,5
30,3,Mirror,5
30,3,Mirror,5
30,3,Mirror,5
30,3,Mirror,5
30,3,Mirror,5
30,3,Mirror,5
30,3,Arithmetic,7
30,3,Arithmetic,7
30,3,Arithmetic,7
30,3,Arithmetic,7
30,3,Arithmetic,7
30,3,Arithmetic,7
30,3,Arithmetic,7
30,3,Arithmetic,7
30,3,Arithmetic,7
30,3,Arithmetic,7
30,3,Arithmetic,7
30,3,Arithmetic,7
30,3,Arithmetic,7
30,3,Arithmetic,7
30,3,Arithmetic,7
30,3,Arithmetic,7
30,3,Arithmetic,7
30,3,Arithmetic,7
30,3,Arithmetic,7
30,3,Arithmetic,7
30,3,Arithmetic,7
30,3,Arithmetic,7
30,3,Arithmetic,7
30,3,Arithmetic,7
30,3,Stroop,4
30,3,Stroop,4
30,3,Stroop,4
30,3,Stroop,4
30,3,Stroop,4
30,3,Stroop,4
30,3,Stroop,4
30,3,Stroop,4
30,3,Stroop,4
30,3,Stroop,4
30,3,Stroop,4
30,3,Stroop,4
30,3,Stroop,4
30,3,Stroop,4
30,3,Stroop,4
30,3,Stroop,4
30,3,Stroop,4
30,3,Stroop,4
30,3,Stroop,4
30,3,Stroop,4
30,3,Stroop,4
30,3,Stroop,4
30,3,Stroop,4
30,3,Stroop,4
30,3,Relax,0
30,3,Relax,0
30,3,Relax,0
30,3,Relax,0
30,3,Relax,0
30,3,Relax,0
30,3,Relax,0
30,3,Relax,0
30,3,Relax,0
30,3,Relax,0
30,3,Relax,0
30,3,Relax,0
30,3,Relax,0
30,3,Relax,0
30,3,Relax,0
30,3,Relax,0
30,3,Relax,0
30,3,Relax,0
30,3,Relax,0
30,3,Relax,0
30,3,Relax,0
30,3,Relax,0
30,3,Relax,0
30,3,Relax,0
31,1,Stroop,4
31,1,Stroop,4
31,1,Stroop,4
31,1,Stroop,4
31,1,Stroop,4
31,1,Stroop,4
31,1,Stroop,4
31,1,Stroop,4
31,1,Stroop,4
31,1,Stroop,4
31,1,Stroop,4
31,1,Stroop,4
31,1,Stroop,4
31,1,Stroop,4
31,1,Stroop,4
31,1,Stroop,4
31,1,Stroop,4
31,1,Stroop,4
31,1,Stroop,4
31,1,Stroop,4
31,1,Stroop,4
31,1,Stroop,4
31,1,Stroop,4
31,1,Stroop,4
31,1,Relax,0
31,1,Relax,0
31,1,Relax,0
31,1,Relax,0
31,1,Relax,0
31,1,Relax,0
31,1,Relax,0
31,1,Relax,0
31,1,Relax,0
31,1,Relax,0
31,1,Relax,0
31,1,Relax,0
31,1,Relax,0
31,1,Relax,0
31,1,Relax,0
31,1,Relax,0
31,1,Relax,0
31,1,Relax,0
31,1,Relax,0
31,1,Relax,0
31,1,Relax,0
31,1,Relax,0
31,1,Relax,0
31,1,Relax,0
31,1,Arithmetic,10
31,1,Arithmetic,10
31,1,Arithmetic,10
31,1,Arithmetic,10
31,1,Arithmetic,10
31,1,Arithmetic,10
31,1,Arithmetic,10
31,1,Arithmetic,10
31,1,Arithmetic,10
31,1,Arithmetic,10
31,1,Arithmetic,10
31,1,Arithmetic,10
31,1,Arithmetic,10
31,1,Arithmetic,10
31,1,Arithmetic,10
31,1,Arithmetic,10
31,1,Arithmetic,10
31,1,Arithmetic,10
31,1,Arithmetic,10
31,1,Arithmetic,10
31,1,Arithmetic,10
31,1,Arithmetic,10
31,1,Arithmetic,10
31,1,Arithmetic,10
31,1,Mirror,8
31,1,Mirror,8
31,1,Mirror,8
31,1,Mirror,8
31,1,Mirror,8
31,1,Mirror,8
31,1,Mirror,8
31,1,Mirror,8
31,1,Mirror,8
31,1,Mirror,8
31,1,Mirror,8
31,1,Mirror,8
31,1,Mirror,8
31,1,Mirror,8
31,1,Mirror,8
31,1,Mirror,8
31,1,Mirror,8
31,1,Mirror,8
31,1,Mirror,8
31,1,Mirror,8
31,1,Mirror,8
31,1,Mirror,8
31,1,Mirror,8
31,1,Mirror,8
31,2,Stroop,3
31,2,Stroop,3
31,2,Stroop,3
31,2,Stroop,3
31,2,Stroop,3
31,2,Stroop,3
31,2,Stroop,3
31,2,Stroop,3
31,2,Stroop,3
31,2,Stroop,3
31,2,Stroop,3
31,2,Stroop,3
31,2,Stroop,3
31,2,Stroop,3
31,2,Stroop,3
31,2,Stroop,3
31,2,Stroop,3
31,2,Stroop,3
31,2,Stroop,3
31,2,Stroop,3
31,2,Stroop,3
31,2,Stroop,3
31,2,Stroop,3
31,2,Stroop,3
31,2,Relax,0
31,2,Relax,0
31,2,Relax,0
31,2,Relax,0
31,2,Relax,0
31,2,Relax,0
31,2,Relax,0
31,2,Relax,0
31,2,Relax,0
31,2,Relax,0
31,2,Relax,0
31,2,Relax,0
31,2,Relax,0
31,2,Relax,0
31,2,Relax,0
31,2,Relax,0
31,2,Relax,0
31,2,Relax,0
31,2,Relax,0
31,2,Relax,0
31,2,Relax,0
31,2,Relax,0
31,2,Relax,0
31,2,Relax,0
31,2,Arithmetic,9
31,2,Arithmetic,9
31,2,Arithmetic,9
31,2,Arithmetic,9
31,2,Arithmetic,9
31,2,Arithmetic,9
31,2,Arithmetic,9
31,2,Arithmetic,9
31,2,Arithmetic,9
31,2,Arithmetic,9
31,2,Arithmetic,9
31,2,Arithmetic,9
31,2,Arithmetic,9
31,2,Arithmetic,9
31,2,Arithmetic,9
31,2,Arithmetic,9
31,2,Arithmetic,9
31,2,Arithmetic,9
31,2,Arithmetic,9
31,2,Arithmetic,9
31,2,Arithmetic,9
31,2,Arithmetic,9
31,2,Arithmetic,9
31,2,Arithmetic,9
31,2,Mirror,7
31,2,Mirror,7
31,2,Mirror,7
31,2,Mirror,7
31,2,Mirror,7
31,2,Mirror,7
31,2,Mirror,7
31,2,Mirror,7
31,2,Mirror,7
31,2,Mirror,7
31,2,Mirror,7
31,2,Mirror,7
31,2,Mirror,7
31,2,Mirror,7
31,2,Mirror,7
31,2,Mirror,7
31,2,Mirror,7
31,2,Mirror,7
31,2,Mirror,7
31,2,Mirror,7
31,2,Mirror,7
31,2,Mirror,7
31,2,Mirror,7
31,2,Mirror,7
31,3,Stroop,7
31,3,Stroop,7
31,3,Stroop,7
31,3,Stroop,7
31,3,Stroop,7
31,3,Stroop,7
31,3,Stroop,7
31,3,Stroop,7
31,3,Stroop,7
31,3,Stroop,7
31,3,Stroop,7
31,3,Stroop,7
31,3,Stroop,7
31,3,Stroop,7
31,3,Stroop,7
31,3,Stroop,7
31,3,Stroop,7
31,3,Stroop,7
31,3,Stroop,7
31,3,Stroop,7
31,3,Stroop,7
31,3,Stroop,7
31,3,Stroop,7
31,3,Stroop,7
31,3,Relax,0
31,3,Relax,0
31,3,Relax,0
31,3,Relax,0
31,3,Relax,0
31,3,Relax,0
31,3,Relax,0
31,3,Relax,0
31,3,Relax,0
31,3,Relax,0
31,3,Relax,0
31,3,Relax,0
31,3,Relax,0
31,3,Relax,0
31,3,Relax,0
31,3,Relax,0
31,3,Relax,0
31,3,Relax,0
31,3,Relax,0
31,3,Relax,0
31,3,Relax,0
31,3,Relax,0
31,3,Relax,0
31,3,Relax,0
31,3,Mirror,3
31,3,Mirror,3
31,3,Mirror,3
31,3,Mirror,3
31,3,Mirror,3
31,3,Mirror,3
31,3,Mirror,3
31,3,Mirror,3
31,3,Mirror,3
31,3,Mirror,3
31,3,Mirror,3
31,3,Mirror,3
31,3,Mirror,3
31,3,Mirror,3
31,3,Mirror,3
31,3,Mirror,3
31,3,Mirror,3
31,3,Mirror,3
31,3,Mirror,3
31,3,Mirror,3
31,3,Mirror,3
31,3,Mirror,3
31,3,Mirror,3
31,3,Mirror,3
31,3,Arithmetic,6
31,3,Arithmetic,6
31,3,Arithmetic,6
31,3,Arithmetic,6
31,3,Arithmetic,6
31,3,Arithmetic,6
31,3,Arithmetic,6
31,3,Arithmetic,6
31,3,Arithmetic,6
31,3,Arithmetic,6
31,3,Arithmetic,6
31,3,Arithmetic,6
31,3,Arithmetic,6
31,3,Arithmetic,6
31,3,Arithmetic,6
31,3,Arithmetic,6
31,3,Arithmetic,6
31,3,Arithmetic,6
31,3,Arithmetic,6
31,3,Arithmetic,6
31,3,Arithmetic,6
31,3,Arithmetic,6
31,3,Arithmetic,6
31,3,Arithmetic,6
32,1,Mirror,5
32,1,Mirror,5
32,1,Mirror,5
32,1,Mirror,5
32,1,Mirror,5
32,1,Mirror,5
32,1,Mirror,5
32,1,Mirror,5
32,1,Mirror,5
32,1,Mirror,5
32,1,Mirror,5
32,1,Mirror,5
32,1,Mirror,5
32,1,Mirror,5
32,1,Mirror,5
32,1,Mirror,5
32,1,Mirror,5
32,1,Mirror,5
32,1,Mirror,5
32,1,Mirror,5
32,1,Mirror,5
32,1,Mirror,5
32,1,Mirror,5
32,1,Mirror,5
32,1,Arithmetic,5
32,1,Arithmetic,5
32,1,Arithmetic,5
32,1,Arithmetic,5
32,1,Arithmetic,5
32,1,Arithmetic,5
32,1,Arithmetic,5
32,1,Arithmetic,5
32,1,Arithmetic,5
32,1,Arithmetic,5
32,1,Arithmetic,5
32,1,Arithmetic,5
32,1,Arithmetic,5
32,1,Arithmetic,5
32,1,Arithmetic,5
32,1,Arithmetic,5
32,1,Arithmetic,5
32,1,Arithmetic,5
32,1,Arithmetic,5
32,1,Arithmetic,5
32,1,Arithmetic,5
32,1,Arithmetic,5
32,1,Arithmetic,5
32,1,Arithmetic,5
32,1,Relax,0
32,1,Relax,0
32,1,Relax,0
32,1,Relax,0
32,1,Relax,0
32,1,Relax,0
32,1,Relax,0
32,1,Relax,0
32,1,Relax,0
32,1,Relax,0
32,1,Relax,0
32,1,Relax,0
32,1,Relax,0
32,1,Relax,0
32,1,Relax,0
32,1,Relax,0
32,1,Relax,0
32,1,Relax,0
32,1,Relax,0
32,1,Relax,0
32,1,Relax,0
32,1,Relax,0
32,1,Relax,0
32,1,Relax,0
32,1,Stroop,1
32,1,Stroop,1
32,1,Stroop,1
32,1,Stroop,1
32,1,Stroop,1
32,1,Stroop,1
32,1,Stroop,1
32,1,Stroop,1
32,1,Stroop,1
32,1,Stroop,1
32,1,Stroop,1
32,1,Stroop,1
32,1,Stroop,1
32,1,Stroop,1
32,1,Stroop,1
32,1,Stroop,1
32,1,Stroop,1
32,1,Stroop,1
32,1,Stroop,1
32,1,Stroop,1
32,1,Stroop,1
32,1,Stroop,1
32,1,Stroop,1
32,1,Stroop,1
32,2,Mirror,2
32,2,Mirror,2
32,2,Mirror,2
32,2,Mirror,2
32,2,Mirror,2
32,2,Mirror,2
32,2,Mirror,2
32,2,Mirror,2
32,2,Mirror,2
32,2,Mirror,2
32,2,Mirror,2
32,2,Mirror,2
32,2,Mirror,2
32,2,Mirror,2
32,2,Mirror,2
32,2,Mirror,2
32,2,Mirror,2
32,2,Mirror,2
32,2,Mirror,2
32,2,Mirror,2
32,2,Mirror,2
32,2,Mirror,2
32,2,Mirror,2
32,2,Mirror,2
32,2,Arithmetic,1
32,2,Arithmetic,1
32,2,Arithmetic,1
32,2,Arithmetic,1
32,2,Arithmetic,1
32,2,Arithmetic,1
32,2,Arithmetic,1
32,2,Arithmetic,1
32,2,Arithmetic,1
32,2,Arithmetic,1
32,2,Arithmetic,1
32,2,Arithmetic,1
32,2,Arithmetic,1
32,2,Arithmetic,1
32,2,Arithmetic,1
32,2,Arithmetic,1
32,2,Arithmetic,1
32,2,Arithmetic,1
32,2,Arithmetic,1
32,2,Arithmetic,1
32,2,Arithmetic,1
32,2,Arithmetic,1
32,2,Arithmetic,1
32,2,Arithmetic,1
32,2,Relax,0
32,2,Relax,0
32,2,Relax,0
32,2,Relax,0
32,2,Relax,0
32,2,Relax,0
32,2,Relax,0
32,2,Relax,0
32,2,Relax,0
32,2,Relax,0
32,2,Relax,0
32,2,Relax,0
32,2,Relax,0
32,2,Relax,0
32,2,Relax,0
32,2,Relax,0
32,2,Relax,0
32,2,Relax,0
32,2,Relax,0
32,2,Relax,0
32,2,Relax,0
32,2,Relax,0
32,2,Relax,0
32,2,Relax,0
32,2,Stroop,1
32,2,Stroop,1
32,2,Stroop,1
32,2,Stroop,1
32,2,Stroop,1
32,2,Stroop,1
32,2,Stroop,1
32,2,Stroop,1
32,2,Stroop,1
32,2,Stroop,1
32,2,Stroop,1
32,2,Stroop,1
32,2,Stroop,1
32,2,Stroop,1
32,2,Stroop,1
32,2,Stroop,1
32,2,Stroop,1
32,2,Stroop,1
32,2,Stroop,1
32,2,Stroop,1
32,2,Stroop,1
32,2,Stroop,1
32,2,Stroop,1
32,2,Stroop,1
32,3,Arithmetic,7
32,3,Arithmetic,7
32,3,Arithmetic,7
32,3,Arithmetic,7
32,3,Arithmetic,7
32,3,Arithmetic,7
32,3,Arithmetic,7
32,3,Arithmetic,7
32,3,Arithmetic,7
32,3,Arithmetic,7
32,3,Arithmetic,7
32,3,Arithmetic,7
32,3,Arithmetic,7
32,3,Arithmetic,7
32,3,Arithmetic,7
32,3,Arithmetic,7
32,3,Arithmetic,7
32,3,Arithmetic,7
32,3,Arithmetic,7
32,3,Arithmetic,7
32,3,Arithmetic,7
32,3,Arithmetic,7
32,3,Arithmetic,7
32,3,Arithmetic,7
32,3,Mirror,6
32,3,Mirror,6
32,3,Mirror,6
32,3,Mirror,6
32,3,Mirror,6
32,3,Mirror,6
32,3,Mirror,6
32,3,Mirror,6
32,3,Mirror,6
32,3,Mirror,6
32,3,Mirror,6
32,3,Mirror,6
32,3,Mirror,6
32,3,Mirror,6
32,3,Mirror,6
32,3,Mirror,6
32,3,Mirror,6
32,3,Mirror,6
32,3,Mirror,6
32,3,Mirror,6
32,3,Mirror,6
32,3,Mirror,6
32,3,Mirror,6
32,3,Mirror,6
32,3,Relax,0
32,3,Relax,0
32,3,Relax,0
32,3,Relax,0
32,3,Relax,0
32,3,Relax,0
32,3,Relax,0
32,3,Relax,0
32,3,Relax,0
32,3,Relax,0
32,3,Relax,0
32,3,Relax,0
32,3,Relax,0
32,3,Relax,0
32,3,Relax,0
32,3,Relax,0
32,3,Relax,0
32,3,Relax,0
32,3,Relax,0
32,3,Relax,0
32,3,Relax,0
32,3,Relax,0
32,3,Relax,0
32,3,Relax,0
32,3,Stroop,3
32,3,Stroop,3
32,3,Stroop,3
32,3,Stroop,3
32,3,Stroop,3
32,3,Stroop,3
32,3,Stroop,3
32,3,Stroop,3
32,3,Stroop,3
32,3,Stroop,3
32,3,Stroop,3
32,3,Stroop,3
32,3,Stroop,3
32,3,Stroop,3
32,3,Stroop,3
32,3,Stroop,3
32,3,Stroop,3
32,3,Stroop,3
32,3,Stroop,3
32,3,Stroop,3
32,3,Stroop,3
32,3,Stroop,3
32,3,Stroop,3
32,3,Stroop,3
33,1,Relax,0
33,1,Relax,0
33,1,Relax,0
33,1,Relax,0
33,1,Relax,0
33,1,Relax,0
33,1,Relax,0
33,1,Relax,0
33,1,Relax,0
33,1,Relax,0
33,1,Relax,0
33,1,Relax,0
33,1,Relax,0
33,1,Relax,0
33,1,Relax,0
33,1,Relax,0
33,1,Relax,0
33,1,Relax,0
33,1,Relax,0
33,1,Relax,0
33,1,Relax,0
33,1,Relax,0
33,1,Relax,0
33,1,Relax,0
33,1,Stroop,3
33,1,Stroop,3
33,1,Stroop,3
33,1,Stroop,3
33,1,Stroop,3
33,1,Stroop,3
33,1,Stroop,3
33,1,Stroop,3
33,1,Stroop,3
33,1,Stroop,3
33,1,Stroop,3
33,1,Stroop,3
33,1,Stroop,3
33,1,Stroop,3
33,1,Stroop,3
33,1,Stroop,3
33,1,Stroop,3
33,1,Stroop,3
33,1,Stroop,3
33,1,Stroop,3
33,1,Stroop,3
33,1,Stroop,3
33,1,Stroop,3
33,1,Stroop,3
33,1,Mirror,4
33,1,Mirror,4
33,1,Mirror,4
33,1,Mirror,4
33,1,Mirror,4
33,1,Mirror,4
33,1,Mirror,4
33,1,Mirror,4
33,1,Mirror,4
33,1,Mirror,4
33,1,Mirror,4
33,1,Mirror,4
33,1,Mirror,4
33,1,Mirror,4
33,1,Mirror,4
33,1,Mirror,4
33,1,Mirror,4
33,1,Mirror,4
33,1,Mirror,4
33,1,Mirror,4
33,1,Mirror,4
33,1,Mirror,4
33,1,Mirror,4
33,1,Mirror,4
33,1,Arithmetic,5
33,1,Arithmetic,5
33,1,Arithmetic,5
33,1,Arithmetic,5
33,1,Arithmetic,5
33,1,Arithmetic,5
33,1,Arithmetic,5
33,1,Arithmetic,5
33,1,Arithmetic,5
33,1,Arithmetic,5
33,1,Arithmetic,5
33,1,Arithmetic,5
33,1,Arithmetic,5
33,1,Arithmetic,5
33,1,Arithmetic,5
33,1,Arithmetic,5
33,1,Arithmetic,5
33,1,Arithmetic,5
33,1,Arithmetic,5
33,1,Arithmetic,5
33,1,Arithmetic,5
33,1,Arithmetic,5
33,1,Arithmetic,5
33,1,Arithmetic,5
33,2,Relax,0
33,2,Relax,0
33,2,Relax,0
33,2,Relax,0
33,2,Relax,0
33,2,Relax,0
33,2,Relax,0
33,2,Relax,0
33,2,Relax,0
33,2,Relax,0
33,2,Relax,0
33,2,Relax,0
33,2,Relax,0
33,2,Relax,0
33,2,Relax,0
33,2,Relax,0
33,2,Relax,0
33,2,Relax,0
33,2,Relax,0
33,2,Relax,0
33,2,Relax,0
33,2,Relax,0
33,2,Relax,0
33,2,Relax,0
33,2,Stroop,2
33,2,Stroop,2
33,2,Stroop,2
33,2,Stroop,2
33,2,Stroop,2
33,2,Stroop,2
33,2,Stroop,2
33,2,Stroop,2
33,2,Stroop,2
33,2,Stroop,2
33,2,Stroop,2
33,2,Stroop,2
33,2,Stroop,2
33,2,Stroop,2
33,2,Stroop,2
33,2,Stroop,2
33,2,Stroop,2
33,2,Stroop,2
33,2,Stroop,2
33,2,Stroop,2
33,2,Stroop,2
33,2,Stroop,2
33,2,Stroop,2
33,2,Stroop,2
33,2,Mirror,2
33,2,Mirror,2
33,2,Mirror,2
33,2,Mirror,2
33,2,Mirror,2
33,2,Mirror,2
33,2,Mirror,2
33,2,Mirror,2
33,2,Mirror,2
33,2,Mirror,2
33,2,Mirror,2
33,2,Mirror,2
33,2,Mirror,2
33,2,Mirror,2
33,2,Mirror,2
33,2,Mirror,2
33,2,Mirror,2
33,2,Mirror,2
33,2,Mirror,2
33,2,Mirror,2
33,2,Mirror,2
33,2,Mirror,2
33,2,Mirror,2
33,2,Mirror,2
33,2,Arithmetic,3
33,2,Arithmetic,3
33,2,Arithmetic,3
33,2,Arithmetic,3
33,2,Arithmetic,3
33,2,Arithmetic,3
33,2,Arithmetic,3
33,2,Arithmetic,3
33,2,Arithmetic,3
33,2,Arithmetic,3
33,2,Arithmetic,3
33,2,Arithmetic,3
33,2,Arithmetic,3
33,2,Arithmetic,3
33,2,Arithmetic,3
33,2,Arithmetic,3
33,2,Arithmetic,3
33,2,Arithmetic,3
33,2,Arithmetic,3
33,2,Arithmetic,3
33,2,Arithmetic,3
33,2,Arithmetic,3
33,2,Arithmetic,3
33,2,Arithmetic,3
33,3,Relax,0
33,3,Relax,0
33,3,Relax,0
33,3,Relax,0
33,3,Relax,0
33,3,Relax,0
33,3,Relax,0
33,3,Relax,0
33,3,Relax,0
33,3,Relax,0
33,3,Relax,0
33,3,Relax,0
33,3,Relax,0
33,3,Relax,0
33,3,Relax,0
33,3,Relax,0
33,3,Relax,0
33,3,Relax,0
33,3,Relax,0
33,3,Relax,0
33,3,Relax,0
33,3,Relax,0
33,3,Relax,0
33,3,Relax,0
33,3,Stroop,6
33,3,Stroop,6
33,3,Stroop,6
33,3,Stroop,6
33,3,Stroop,6
33,3,Stroop,6
33,3,Stroop,6
33,3,Stroop,6
33,3,Stroop,6
33,3,Stroop,6
33,3,Stroop,6
33,3,Stroop,6
33,3,Stroop,6
33,3,Stroop,6
33,3,Stroop,6
33,3,Stroop,6
33,3,Stroop,6
33,3,Stroop,6
33,3,Stroop,6
33,3,Stroop,6
33,3,Stroop,6
33,3,Stroop,6
33,3,Stroop,6
33,3,Stroop,6
33,3,Arithmetic,8
33,3,Arithmetic,8
33,3,Arithmetic,8
33,3,Arithmetic,8
33,3,Arithmetic,8
33,3,Arithmetic,8
33,3,Arithmetic,8
33,3,Arithmetic,8
33,3,Arithmetic,8
33,3,Arithmetic,8
33,3,Arithmetic,8
33,3,Arithmetic,8
33,3,Arithmetic,8
33,3,Arithmetic,8
33,3,Arithmetic,8
33,3,Arithmetic,8
33,3,Arithmetic,8
33,3,Arithmetic,8
33,3,Arithmetic,8
33,3,Arithmetic,8
33,3,Arithmetic,8
33,3,Arithmetic,8
33,3,Arithmetic,8
33,3,Arithmetic,8
33,3,Mirror,3
33,3,Mirror,3
33,3,Mirror,3
33,3,Mirror,3
33,3,Mirror,3
33,3,Mirror,3
33,3,Mirror,3
33,3,Mirror,3
33,3,Mirror,3
33,3,Mirror,3
33,3,Mirror,3
33,3,Mirror,3
33,3,Mirror,3
33,3,Mirror,3
33,3,Mirror,3
33,3,Mirror,3
33,3,Mirror,3
33,3,Mirror,3
33,3,Mirror,3
33,3,Mirror,3
33,3,Mirror,3
33,3,Mirror,3
33,3,Mirror,3
33,3,Mirror,3
34,1,Stroop,1
34,1,Stroop,1
34,1,Stroop,1
34,1,Stroop,1
34,1,Stroop,1
34,1,Stroop,1
34,1,Stroop,1
34,1,Stroop,1
34,1,Stroop,1
34,1,Stroop,1
34,1,Stroop,1
34,1,Stroop,1
34,1,Stroop,1
34,1,Stroop,1
34,1,Stroop,1
34,1,Stroop,1
34,1,Stroop,1
34,1,Stroop,1
34,1,Stroop,1
34,1,Stroop,1
34,1,Stroop,1
34,1,Stroop,1
34,1,Stroop,1
34,1,Stroop,1
34,1,Relax,0
34,1,Relax,0
34,1,Relax,0
34,1,Relax,0
34,1,Relax,0
34,1,Relax,0
34,1,Relax,0
34,1,Relax,0
34,1,Relax,0
34,1,Relax,0
34,1,Relax,0
34,1,Relax,0
34,1,Relax,0
34,1,Relax,0
34,1,Relax,0
34,1,Relax,0
34,1,Relax,0
34,1,Relax,0
34,1,Relax,0
34,1,Relax,0
34,1,Relax,0
34,1,Relax,0
34,1,Relax,0
34,1,Relax,0
34,1,Arithmetic,2
34,1,Arithmetic,2
34,1,Arithmetic,2
34,1,Arithmetic,2
34,1,Arithmetic,2
34,1,Arithmetic,2
34,1,Arithmetic,2
34,1,Arithmetic,2
34,1,Arithmetic,2
34,1,Arithmetic,2
34,1,Arithmetic,2
34,1,Arithmetic,2
34,1,Arithmetic,2
34,1,Arithmetic,2
34,1,Arithmetic,2
34,1,Arithmetic,2
34,1,Arithmetic,2
34,1,Arithmetic,2
34,1,Arithmetic,2
34,1,Arithmetic,2
34,1,Arithmetic,2
34,1,Arithmetic,2
34,1,Arithmetic,2
34,1,Arithmetic,2
34,1,Mirror,3
34,1,Mirror,3
34,1,Mirror,3
34,1,Mirror,3
34,1,Mirror,3
34,1,Mirror,3
34,1,Mirror,3
34,1,Mirror,3
34,1,Mirror,3
34,1,Mirror,3
34,1,Mirror,3
34,1,Mirror,3
34,1,Mirror,3
34,1,Mirror,3
34,1,Mirror,3
34,1,Mirror,3
34,1,Mirror,3
34,1,Mirror,3
34,1,Mirror,3
34,1,Mirror,3
34,1,Mirror,3
34,1,Mirror,3
34,1,Mirror,3
34,1,Mirror,3
34,2,Stroop,1
34,2,Stroop,1
34,2,Stroop,1
34,2,Stroop,1
34,2,Stroop,1
34,2,Stroop,1
34,2,Stroop,1
34,2,Stroop,1
34,2,Stroop,1
34,2,Stroop,1
34,2,Stroop,1
34,2,Stroop,1
34,2,Stroop,1
34,2,Stroop,1
34,2,Stroop,1
34,2,Stroop,1
34,2,Stroop,1
34,2,Stroop,1
34,2,Stroop,1
34,2,Stroop,1
34,2,Stroop,1
34,2,Stroop,1
34,2,Stroop,1
34,2,Stroop,1
34,2,Relax,0
34,2,Relax,0
34,2,Relax,0
34,2,Relax,0
34,2,Relax,0
34,2,Relax,0
34,2,Relax,0
34,2,Relax,0
34,2,Relax,0
34,2,Relax,0
34,2,Relax,0
34,2,Relax,0
34,2,Relax,0
34,2,Relax,0
34,2,Relax,0
34,2,Relax,0
34,2,Relax,0
34,2,Relax,0
34,2,Relax,0
34,2,Relax,0
34,2,Relax,0
34,2,Relax,0
34,2,Relax,0
34,2,Relax,0
34,2,Arithmetic,3
34,2,Arithmetic,3
34,2,Arithmetic,3
34,2,Arithmetic,3
34,2,Arithmetic,3
34,2,Arithmetic,3
34,2,Arithmetic,3
34,2,Arithmetic,3
34,2,Arithmetic,3
34,2,Arithmetic,3
34,2,Arithmetic,3
34,2,Arithmetic,3
34,2,Arithmetic,3
34,2,Arithmetic,3
34,2,Arithmetic,3
34,2,Arithmetic,3
34,2,Arithmetic,3
34,2,Arithmetic,3
34,2,Arithmetic,3
34,2,Arithmetic,3
34,2,Arithmetic,3
34,2,Arithmetic,3
34,2,Arithmetic,3
34,2,Arithmetic,3
34,2,Mirror,1
34,2,Mirror,1
34,2,Mirror,1
34,2,Mirror,1
34,2,Mirror,1
34,2,Mirror,1
34,2,Mirror,1
34,2,Mirror,1
34,2,Mirror,1
34,2,Mirror,1
34,2,Mirror,1
34,2,Mirror,1
34,2,Mirror,1
34,2,Mirror,1
34,2,Mirror,1
34,2,Mirror,1
34,2,Mirror,1
34,2,Mirror,1
34,2,Mirror,1
34,2,Mirror,1
34,2,Mirror,1
34,2,Mirror,1
34,2,Mirror,1
34,2,Mirror,1
34,3,Stroop,3
34,3,Stroop,3
34,3,Stroop,3
34,3,Stroop,3
34,3,Stroop,3
34,3,Stroop,3
34,3,Stroop,3
34,3,Stroop,3
34,3,Stroop,3
34,3,Stroop,3
34,3,Stroop,3
34,3,Stroop,3
34,3,Stroop,3
34,3,Stroop,3
34,3,Stroop,3
34,3,Stroop,3
34,3,Stroop,3
34,3,Stroop,3
34,3,Stroop,3
34,3,Stroop,3
34,3,Stroop,3
34,3,Stroop,3
34,3,Stroop,3
34,3,Stroop,3
34,3,Relax,0
34,3,Relax,0
34,3,Relax,0
34,3,Relax,0
34,3,Relax,0
34,3,Relax,0
34,3,Relax,0
34,3,Relax,0
34,3,Relax,0
34,3,Relax,0
34,3,Relax,0
34,3,Relax,0
34,3,Relax,0
34,3,Relax,0
34,3,Relax,0
34,3,Relax,0
34,3,Relax,0
34,3,Relax,0
34,3,Relax,0
34,3,Relax,0
34,3,Relax,0
34,3,Relax,0
34,3,Relax,0
34,3,Relax,0
34,3,Mirror,2
34,3,Mirror,2
34,3,Mirror,2
34,3,Mirror,2
34,3,Mirror,2
34,3,Mirror,2
34,3,Mirror,2
34,3,Mirror,2
34,3,Mirror,2
34,3,Mirror,2
34,3,Mirror,2
34,3,Mirror,2
34,3,Mirror,2
34,3,Mirror,2
34,3,Mirror,2
34,3,Mirror,2
34,3,Mirror,2
34,3,Mirror,2
34,3,Mirror,2
34,3,Mirror,2
34,3,Mirror,2
34,3,Mirror,2
34,3,Mirror,2
34,3,Mirror,2
34,3,Arithmetic,2
34,3,Arithmetic,2
34,3,Arithmetic,2
34,3,Arithmetic,2
34,3,Arithmetic,2
34,3,Arithmetic,2
34,3,Arithmetic,2
34,3,Arithmetic,2
34,3,Arithmetic,2
34,3,Arithmetic,2
34,3,Arithmetic,2
34,3,Arithmetic,2
34,3,Arithmetic,2
34,3,Arithmetic,2
34,3,Arithmetic,2
34,3,Arithmetic,2
34,3,Arithmetic,2
34,3,Arithmetic,2
34,3,Arithmetic,2
34,3,Arithmetic,2
34,3,Arithmetic,2
34,3,Arithmetic,2
34,3,Arithmetic,2
34,3,Arithmetic,2
35,1,Arithmetic,6
35,1,Arithmetic,6
35,1,Arithmetic,6
35,1,Arithmetic,6
35,1,Arithmetic,6
35,1,Arithmetic,6
35,1,Arithmetic,6
35,1,Arithmetic,6
35,1,Arithmetic,6
35,1,Arithmetic,6
35,1,Arithmetic,6
35,1,Arithmetic,6
35,1,Arithmetic,6
35,1,Arithmetic,6
35,1,Arithmetic,6
35,1,Arithmetic,6
35,1,Arithmetic,6
35,1,Arithmetic,6
35,1,Arithmetic,6
35,1,Arithmetic,6
35,1,Arithmetic,6
35,1,Arithmetic,6
35,1,Arithmetic,6
35,1,Arithmetic,6
35,1,Mirror,5
35,1,Mirror,5
35,1,Mirror,5
35,1,Mirror,5
35,1,Mirror,5
35,1,Mirror,5
35,1,Mirror,5
35,1,Mirror,5
35,1,Mirror,5
35,1,Mirror,5
35,1,Mirror,5
35,1,Mirror,5
35,1,Mirror,5
35,1,Mirror,5
35,1,Mirror,5
35,1,Mirror,5
35,1,Mirror,5
35,1,Mirror,5
35,1,Mirror,5
35,1,Mirror,5
35,1,Mirror,5
35,1,Mirror,5
35,1,Mirror,5
35,1,Mirror,5
35,1,Stroop,1
35,1,Stroop,1
35,1,Stroop,1
35,1,Stroop,1
35,1,Stroop,1
35,1,Stroop,1
35,1,Stroop,1
35,1,Stroop,1
35,1,Stroop,1
35,1,Stroop,1
35,1,Stroop,1
35,1,Stroop,1
35,1,Stroop,1
35,1,Stroop,1
35,1,Stroop,1
35,1,Stroop,1
35,1,Stroop,1
35,1,Stroop,1
35,1,Stroop,1
35,1,Stroop,1
35,1,Stroop,1
35,1,Stroop,1
35,1,Stroop,1
35,1,Stroop,1
35,1,Relax,0
35,1,Relax,0
35,1,Relax,0
35,1,Relax,0
35,1,Relax,0
35,1,Relax,0
35,1,Relax,0
35,1,Relax,0
35,1,Relax,0
35,1,Relax,0
35,1,Relax,0
35,1,Relax,0
35,1,Relax,0
35,1,Relax,0
35,1,Relax,0
35,1,Relax,0
35,1,Relax,0
35,1,Relax,0
35,1,Relax,0
35,1,Relax,0
35,1,Relax,0
35,1,Relax,0
35,1,Relax,0
35,1,Relax,0
35,2,Arithmetic,5
35,2,Arithmetic,5
35,2,Arithmetic,5
35,2,Arithmetic,5
35,2,Arithmetic,5
35,2,Arithmetic,5
35,2,Arithmetic,5
35,2,Arithmetic,5
35,2,Arithmetic,5
35,2,Arithmetic,5
35,2,Arithmetic,5
35,2,Arithmetic,5
35,2,Arithmetic,5
35,2,Arithmetic,5
35,2,Arithmetic,5
35,2,Arithmetic,5
35,2,Arithmetic,5
35,2,Arithmetic,5
35,2,Arithmetic,5
35,2,Arithmetic,5
35,2,Arithmetic,5
35,2,Arithmetic,5
35,2,Arithmetic,5
35,2,Arithmetic,5
35,2,Mirror,2
35,2,Mirror,2
35,2,Mirror,2
35,2,Mirror,2
35,2,Mirror,2
35,2,Mirror,2
35,2,Mirror,2
35,2,Mirror,2
35,2,Mirror,2
35,2,Mirror,2
35,2,Mirror,2
35,2,Mirror,2
35,2,Mirror,2
35,2,Mirror,2
35,2,Mirror,2
35,2,Mirror,2
35,2,Mirror,2
35,2,Mirror,2
35,2,Mirror,2
35,2,Mirror,2
35,2,Mirror,2
35,2,Mirror,2
35,2,Mirror,2
35,2,Mirror,2
35,2,Stroop,1
35,2,Stroop,1
35,2,Stroop,1
35,2,Stroop,1
35,2,Stroop,1
35,2,Stroop,1
35,2,Stroop,1
35,2,Stroop,1
35,2,Stroop,1
35,2,Stroop,1
35,2,Stroop,1
35,2,Stroop,1
35,2,Stroop,1
35,2,Stroop,1
35,2,Stroop,1
35,2,Stroop,1
35,2,Stroop,1
35,2,Stroop,1
35,2,Stroop,1
35,2,Stroop,1
35,2,Stroop,1
35,2,Stroop,1
35,2,Stroop,1
35,2,Stroop,1
35,2,Relax,0
35,2,Relax,0
35,2,Relax,0
35,2,Relax,0
35,2,Relax,0
35,2,Relax,0
35,2,Relax,0
35,2,Relax,0
35,2,Relax,0
35,2,Relax,0
35,2,Relax,0
35,2,Relax,0
35,2,Relax,0
35,2,Relax,0
35,2,Relax,0
35,2,Relax,0
35,2,Relax,0
35,2,Relax,0
35,2,Relax,0
35,2,Relax,0
35,2,Relax,0
35,2,Relax,0
35,2,Relax,0
35,2,Relax,0
35,3,Mirror,6
35,3,Mirror,6
35,3,Mirror,6
35,3,Mirror,6
35,3,Mirror,6
35,3,Mirror,6
35,3,Mirror,6
35,3,Mirror,6
35,3,Mirror,6
35,3,Mirror,6
35,3,Mirror,6
35,3,Mirror,6
35,3,Mirror,6
35,3,Mirror,6
35,3,Mirror,6
35,3,Mirror,6
35,3,Mirror,6
35,3,Mirror,6
35,3,Mirror,6
35,3,Mirror,6
35,3,Mirror,6
35,3,Mirror,6
35,3,Mirror,6
35,3,Mirror,6
35,3,Arithmetic,4
35,3,Arithmetic,4
35,3,Arithmetic,4
35,3,Arithmetic,4
35,3,Arithmetic,4
35,3,Arithmetic,4
35,3,Arithmetic,4
35,3,Arithmetic,4
35,3,Arithmetic,4
35,3,Arithmetic,4
35,3,Arithmetic,4
35,3,Arithmetic,4
35,3,Arithmetic,4
35,3,Arithmetic,4
35,3,Arithmetic,4
35,3,Arithmetic,4
35,3,Arithmetic,4
35,3,Arithmetic,4
35,3,Arithmetic,4
35,3,Arithmetic,4
35,3,Arithmetic,4
35,3,Arithmetic,4
35,3,Arithmetic,4
35,3,Arithmetic,4
35,3,Stroop,5
35,3,Stroop,5
35,3,Stroop,5
35,3,Stroop,5
35,3,Stroop,5
35,3,Stroop,5
35,3,Stroop,5
35,3,Stroop,5
35,3,Stroop,5
35,3,Stroop,5
35,3,Stroop,5
35,3,Stroop,5
35,3,Stroop,5
35,3,Stroop,5
35,3,Stroop,5
35,3,Stroop,5
35,3,Stroop,5
35,3,Stroop,5
35,3,Stroop,5
35,3,Stroop,5
35,3,Stroop,5
35,3,Stroop,5
35,3,Stroop,5
35,3,Stroop,5
35,3,Relax,0
35,3,Relax,0
35,3,Relax,0
35,3,Relax,0
35,3,Relax,0
35,3,Relax,0
35,3,Relax,0
35,3,Relax,0
35,3,Relax,0
35,3,Relax,0
35,3,Relax,0
35,3,Relax,0
35,3,Relax,0
35,3,Relax,0
35,3,Relax,0
35,3,Relax,0
35,3,Relax,0
35,3,Relax,0
35,3,Relax,0
35,3,Relax,0
35,3,Relax,0
35,3,Relax,0
35,3,Relax,0
35,3,Relax,0
36,1,Relax,0
36,1,Relax,0
36,1,Relax,0
36,1,Relax,0
36,1,Relax,0
36,1,Relax,0
36,1,Relax,0
36,1,Relax,0
36,1,Relax,0
36,1,Relax,0
36,1,Relax,0
36,1,Relax,0
36,1,Relax,0
36,1,Relax,0
36,1,Relax,0
36,1,Relax,0
36,1,Relax,0
36,1,Relax,0
36,1,Relax,0
36,1,Relax,0
36,1,Relax,0
36,1,Relax,0
36,1,Relax,0
36,1,Relax,0
36,1,Stroop,6
36,1,Stroop,6
36,1,Stroop,6
36,1,Stroop,6
36,1,Stroop,6
36,1,Stroop,6
36,1,Stroop,6
36,1,Stroop,6
36,1,Stroop,6
36,1,Stroop,6
36,1,Stroop,6
36,1,Stroop,6
36,1,Stroop,6
36,1,Stroop,6
36,1,Stroop,6
36,1,Stroop,6
36,1,Stroop,6
36,1,Stroop,6
36,1,Stroop,6
36,1,Stroop,6
36,1,Stroop,6
36,1,Stroop,6
36,1,Stroop,6
36,1,Stroop,6
36,1,Mirror,4
36,1,Mirror,4
36,1,Mirror,4
36,1,Mirror,4
36,1,Mirror,4
36,1,Mirror,4
36,1,Mirror,4
36,1,Mirror,4
36,1,Mirror,4
36,1,Mirror,4
36,1,Mirror,4
36,1,Mirror,4
36,1,Mirror,4
36,1,Mirror,4
36,1,Mirror,4
36,1,Mirror,4
36,1,Mirror,4
36,1,Mirror,4
36,1,Mirror,4
36,1,Mirror,4
36,1,Mirror,4
36,1,Mirror,4
36,1,Mirror,4
36,1,Mirror,4
36,1,Arithmetic,4
36,1,Arithmetic,4
36,1,Arithmetic,4
36,1,Arithmetic,4
36,1,Arithmetic,4
36,1,Arithmetic,4
36,1,Arithmetic,4
36,1,Arithmetic,4
36,1,Arithmetic,4
36,1,Arithmetic,4
36,1,Arithmetic,4
36,1,Arithmetic,4
36,1,Arithmetic,4
36,1,Arithmetic,4
36,1,Arithmetic,4
36,1,Arithmetic,4
36,1,Arithmetic,4
36,1,Arithmetic,4
36,1,Arithmetic,4
36,1,Arithmetic,4
36,1,Arithmetic,4
36,1,Arithmetic,4
36,1,Arithmetic,4
36,1,Arithmetic,4
36,2,Relax,0
36,2,Relax,0
36,2,Relax,0
36,2,Relax,0
36,2,Relax,0
36,2,Relax,0
36,2,Relax,0
36,2,Relax,0
36,2,Relax,0
36,2,Relax,0
36,2,Relax,0
36,2,Relax,0
36,2,Relax,0
36,2,Relax,0
36,2,Relax,0
36,2,Relax,0
36,2,Relax,0
36,2,Relax,0
36,2,Relax,0
36,2,Relax,0
36,2,Relax,0
36,2,Relax,0
36,2,Relax,0
36,2,Relax,0
36,2,Stroop,3
36,2,Stroop,3
36,2,Stroop,3
36,2,Stroop,3
36,2,Stroop,3
36,2,Stroop,3
36,2,Stroop,3
36,2,Stroop,3
36,2,Stroop,3
36,2,Stroop,3
36,2,Stroop,3
36,2,Stroop,3
36,2,Stroop,3
36,2,Stroop,3
36,2,Stroop,3
36,2,Stroop,3
36,2,Stroop,3
36,2,Stroop,3
36,2,Stroop,3
36,2,Stroop,3
36,2,Stroop,3
36,2,Stroop,3
36,2,Stroop,3
36,2,Stroop,3
36,2,Mirror,4
36,2,Mirror,4
36,2,Mirror,4
36,2,Mirror,4
36,2,Mirror,4
36,2,Mirror,4
36,2,Mirror,4
36,2,Mirror,4
36,2,Mirror,4
36,2,Mirror,4
36,2,Mirror,4
36,2,Mirror,4
36,2,Mirror,4
36,2,Mirror,4
36,2,Mirror,4
36,2,Mirror,4
36,2,Mirror,4
36,2,Mirror,4
36,2,Mirror,4
36,2,Mirror,4
36,2,Mirror,4
36,2,Mirror,4
36,2,Mirror,4
36,2,Mirror,4
36,2,Arithmetic,5
36,2,Arithmetic,5
36,2,Arithmetic,5
36,2,Arithmetic,5
36,2,Arithmetic,5
36,2,Arithmetic,5
36,2,Arithmetic,5
36,2,Arithmetic,5
36,2,Arithmetic,5
36,2,Arithmetic,5
36,2,Arithmetic,5
36,2,Arithmetic,5
36,2,Arithmetic,5
36,2,Arithmetic,5
36,2,Arithmetic,5
36,2,Arithmetic,5
36,2,Arithmetic,5
36,2,Arithmetic,5
36,2,Arithmetic,5
36,2,Arithmetic,5
36,2,Arithmetic,5
36,2,Arithmetic,5
36,2,Arithmetic,5
36,2,Arithmetic,5
36,3,Relax,0
36,3,Relax,0
36,3,Relax,0
36,3,Relax,0
36,3,Relax,0
36,3,Relax,0
36,3,Relax,0
36,3,Relax,0
36,3,Relax,0
36,3,Relax,0
36,3,Relax,0
36,3,Relax,0
36,3,Relax,0
36,3,Relax,0
36,3,Relax,0
36,3,Relax,0
36,3,Relax,0
36,3,Relax,0
36,3,Relax,0
36,3,Relax,0
36,3,Relax,0
36,3,Relax,0
36,3,Relax,0
36,3,Relax,0
36,3,Stroop,5
36,3,Stroop,5
36,3,Stroop,5
36,3,Stroop,5
36,3,Stroop,5
36,3,Stroop,5
36,3,Stroop,5
36,3,Stroop,5
36,3,Stroop,5
36,3,Stroop,5
36,3,Stroop,5
36,3,Stroop,5
36,3,Stroop,5
36,3,Stroop,5
36,3,Stroop,5
36,3,Stroop,5
36,3,Stroop,5
36,3,Stroop,5
36,3,Stroop,5
36,3,Stroop,5
36,3,Stroop,5
36,3,Stroop,5
36,3,Stroop,5
36,3,Stroop,5
36,3,Arithmetic,5
36,3,Arithmetic,5
36,3,Arithmetic,5
36,3,Arithmetic,5
36,3,Arithmetic,5
36,3,Arithmetic,5
36,3,Arithmetic,5
36,3,Arithmetic,5
36,3,Arithmetic,5
36,3,Arithmetic,5
36,3,Arithmetic,5
36,3,Arithmetic,5
36,3,Arithmetic,5
36,3,Arithmetic,5
36,3,Arithmetic,5
36,3,Arithmetic,5
36,3,Arithmetic,5
36,3,Arithmetic,5
36,3,Arithmetic,5
36,3,Arithmetic,5
36,3,Arithmetic,5
36,3,Arithmetic,5
36,3,Arithmetic,5
36,3,Arithmetic,5
36,3,Mirror,5
36,3,Mirror,5
36,3,Mirror,5
36,3,Mirror,5
36,3,Mirror,5
36,3,Mirror,5
36,3,Mirror,5
36,3,Mirror,5
36,3,Mirror,5
36,3,Mirror,5
36,3,Mirror,5
36,3,Mirror,5
36,3,Mirror,5
36,3,Mirror,5
36,3,Mirror,5
36,3,Mirror,5
36,3,Mirror,5
36,3,Mirror,5
36,3,Mirror,5
36,3,Mirror,5
36,3,Mirror,5
36,3,Mirror,5
36,3,Mirror,5
36,3,Mirror,5
37,1,Mirror,5
37,1,Mirror,5
37,1,Mirror,5
37,1,Mirror,5
37,1,Mirror,5
37,1,Mirror,5
37,1,Mirror,5
37,1,Mirror,5
37,1,Mirror,5
37,1,Mirror,5
37,1,Mirror,5
37,1,Mirror,5
37,1,Mirror,5
37,1,Mirror,5
37,1,Mirror,5
37,1,Mirror,5
37,1,Mirror,5
37,1,Mirror,5
37,1,Mirror,5
37,1,Mirror,5
37,1,Mirror,5
37,1,Mirror,5
37,1,Mirror,5
37,1,Mirror,5
37,1,Arithmetic,6
37,1,Arithmetic,6
37,1,Arithmetic,6
37,1,Arithmetic,6
37,1,Arithmetic,6
37,1,Arithmetic,6
37,1,Arithmetic,6
37,1,Arithmetic,6
37,1,Arithmetic,6
37,1,Arithmetic,6
37,1,Arithmetic,6
37,1,Arithmetic,6
37,1,Arithmetic,6
37,1,Arithmetic,6
37,1,Arithmetic,6
37,1,Arithmetic,6
37,1,Arithmetic,6
37,1,Arithmetic,6
37,1,Arithmetic,6
37,1,Arithmetic,6
37,1,Arithmetic,6
37,1,Arithmetic,6
37,1,Arithmetic,6
37,1,Arithmetic,6
37,1,Relax,0
37,1,Relax,0
37,1,Relax,0
37,1,Relax,0
37,1,Relax,0
37,1,Relax,0
37,1,Relax,0
37,1,Relax,0
37,1,Relax,0
37,1,Relax,0
37,1,Relax,0
37,1,Relax,0
37,1,Relax,0
37,1,Relax,0
37,1,Relax,0
37,1,Relax,0
37,1,Relax,0
37,1,Relax,0
37,1,Relax,0
37,1,Relax,0
37,1,Relax,0
37,1,Relax,0
37,1,Relax,0
37,1,Relax,0
37,1,Stroop,4
37,1,Stroop,4
37,1,Stroop,4
37,1,Stroop,4
37,1,Stroop,4
37,1,Stroop,4
37,1,Stroop,4
37,1,Stroop,4
37,1,Stroop,4
37,1,Stroop,4
37,1,Stroop,4
37,1,Stroop,4
37,1,Stroop,4
37,1,Stroop,4
37,1,Stroop,4
37,1,Stroop,4
37,1,Stroop,4
37,1,Stroop,4
37,1,Stroop,4
37,1,Stroop,4
37,1,Stroop,4
37,1,Stroop,4
37,1,Stroop,4
37,1,Stroop,4
37,2,Mirror,3
37,2,Mirror,3
37,2,Mirror,3
37,2,Mirror,3
37,2,Mirror,3
37,2,Mirror,3
37,2,Mirror,3
37,2,Mirror,3
37,2,Mirror,3
37,2,Mirror,3
37,2,Mirror,3
37,2,Mirror,3
37,2,Mirror,3
37,2,Mirror,3
37,2,Mirror,3
37,2,Mirror,3
37,2,Mirror,3
37,2,Mirror,3
37,2,Mirror,3
37,2,Mirror,3
37,2,Mirror,3
37,2,Mirror,3
37,2,Mirror,3
37,2,Mirror,3
37,2,Arithmetic,5
37,2,Arithmetic,5
37,2,Arithmetic,5
37,2,Arithmetic,5
37,2,Arithmetic,5
37,2,Arithmetic,5
37,2,Arithmetic,5
37,2,Arithmetic,5
37,2,Arithmetic,5
37,2,Arithmetic,5
37,2,Arithmetic,5
37,2,Arithmetic,5
37,2,Arithmetic,5
37,2,Arithmetic,5
37,2,Arithmetic,5
37,2,Arithmetic,5
37,2,Arithmetic,5
37,2,Arithmetic,5
37,2,Arithmetic,5
37,2,Arithmetic,5
37,2,Arithmetic,5
37,2,Arithmetic,5
37,2,Arithmetic,5
37,2,Arithmetic,5
37,2,Relax,0
37,2,Relax,0
37,2,Relax,0
37,2,Relax,0
37,2,Relax,0
37,2,Relax,0
37,2,Relax,0
37,2,Relax,0
37,2,Relax,0
37,2,Relax,0
37,2,Relax,0
37,2,Relax,0
37,2,Relax,0
37,2,Relax,0
37,2,Relax,0
37,2,Relax,0
37,2,Relax,0
37,2,Relax,0
37,2,Relax,0
37,2,Relax,0
37,2,Relax,0
37,2,Relax,0
37,2,Relax,0
37,2,Relax,0
37,2,Stroop,2
37,2,Stroop,2
37,2,Stroop,2
37,2,Stroop,2
37,2,Stroop,2
37,2,Stroop,2
37,2,Stroop,2
37,2,Stroop,2
37,2,Stroop,2
37,2,Stroop,2
37,2,Stroop,2
37,2,Stroop,2
37,2,Stroop,2
37,2,Stroop,2
37,2,Stroop,2
37,2,Stroop,2
37,2,Stroop,2
37,2,Stroop,2
37,2,Stroop,2
37,2,Stroop,2
37,2,Stroop,2
37,2,Stroop,2
37,2,Stroop,2
37,2,Stroop,2
37,3,Arithmetic,8
37,3,Arithmetic,8
37,3,Arithmetic,8
37,3,Arithmetic,8
37,3,Arithmetic,8
37,3,Arithmetic,8
37,3,Arithmetic,8
37,3,Arithmetic,8
37,3,Arithmetic,8
37,3,Arithmetic,8
37,3,Arithmetic,8
37,3,Arithmetic,8
37,3,Arithmetic,8
37,3,Arithmetic,8
37,3,Arithmetic,8
37,3,Arithmetic,8
37,3,Arithmetic,8
37,3,Arithmetic,8
37,3,Arithmetic,8
37,3,Arithmetic,8
37,3,Arithmetic,8
37,3,Arithmetic,8
37,3,Arithmetic,8
37,3,Arithmetic,8
37,3,Mirror,4
37,3,Mirror,4
37,3,Mirror,4
37,3,Mirror,4
37,3,Mirror,4
37,3,Mirror,4
37,3,Mirror,4
37,3,Mirror,4
37,3,Mirror,4
37,3,Mirror,4
37,3,Mirror,4
37,3,Mirror,4
37,3,Mirror,4
37,3,Mirror,4
37,3,Mirror,4
37,3,Mirror,4
37,3,Mirror,4
37,3,Mirror,4
37,3,Mirror,4
37,3,Mirror,4
37,3,Mirror,4
37,3,Mirror,4
37,3,Mirror,4
37,3,Mirror,4
37,3,Relax,0
37,3,Relax,0
37,3,Relax,0
37,3,Relax,0
37,3,Relax,0
37,3,Relax,0
37,3,Relax,0
37,3,Relax,0
37,3,Relax,0
37,3,Relax,0
37,3,Relax,0
37,3,Relax,0
37,3,Relax,0
37,3,Relax,0
37,3,Relax,0
37,3,Relax,0
37,3,Relax,0
37,3,Relax,0
37,3,Relax,0
37,3,Relax,0
37,3,Relax,0
37,3,Relax,0
37,3,Relax,0
37,3,Relax,0
37,3,Stroop,6
37,3,Stroop,6
37,3,Stroop,6
37,3,Stroop,6
37,3,Stroop,6
37,3,Stroop,6
37,3,Stroop,6
37,3,Stroop,6
37,3,Stroop,6
37,3,Stroop,6
37,3,Stroop,6
37,3,Stroop,6
37,3,Stroop,6
37,3,Stroop,6
37,3,Stroop,6
37,3,Stroop,6
37,3,Stroop,6
37,3,Stroop,6
37,3,Stroop,6
37,3,Stroop,6
37,3,Stroop,6
37,3,Stroop,6
37,3,Stroop,6
37,3,Stroop,6
38,1,Arithmetic,6
38,1,Arithmetic,6
38,1,Arithmetic,6
38,1,Arithmetic,6
38,1,Arithmetic,6
38,1,Arithmetic,6
38,1,Arithmetic,6
38,1,Arithmetic,6
38,1,Arithmetic,6
38,1,Arithmetic,6
38,1,Arithmetic,6
38,1,Arithmetic,6
38,1,Arithmetic,6
38,1,Arithmetic,6
38,1,Arithmetic,6
38,1,Arithmetic,6
38,1,Arithmetic,6
38,1,Arithmetic,6
38,1,Arithmetic,6
38,1,Arithmetic,6
38,1,Arithmetic,6
38,1,Arithmetic,6
38,1,Arithmetic,6
38,1,Arithmetic,6
38,1,Mirror,4
38,1,Mirror,4
38,1,Mirror,4
38,1,Mirror,4
38,1,Mirror,4
38,1,Mirror,4
38,1,Mirror,4
38,1,Mirror,4
38,1,Mirror,4
38,1,Mirror,4
38,1,Mirror,4
38,1,Mirror,4
38,1,Mirror,4
38,1,Mirror,4
38,1,Mirror,4
38,1,Mirror,4
38,1,Mirror,4
38,1,Mirror,4
38,1,Mirror,4
38,1,Mirror,4
38,1,Mirror,4
38,1,Mirror,4
38,1,Mirror,4
38,1,Mirror,4
38,1,Stroop,5
38,1,Stroop,5
38,1,Stroop,5
38,1,Stroop,5
38,1,Stroop,5
38,1,Stroop,5
38,1,Stroop,5
38,1,Stroop,5
38,1,Stroop,5
38,1,Stroop,5
38,1,Stroop,5
38,1,Stroop,5
38,1,Stroop,5
38,1,Stroop,5
38,1,Stroop,5
38,1,Stroop,5
38,1,Stroop,5
38,1,Stroop,5
38,1,Stroop,5
38,1,Stroop,5
38,1,Stroop,5
38,1,Stroop,5
38,1,Stroop,5
38,1,Stroop,5
38,1,Relax,0
38,1,Relax,0
38,1,Relax,0
38,1,Relax,0
38,1,Relax,0
38,1,Relax,0
38,1,Relax,0
38,1,Relax,0
38,1,Relax,0
38,1,Relax,0
38,1,Relax,0
38,1,Relax,0
38,1,Relax,0
38,1,Relax,0
38,1,Relax,0
38,1,Relax,0
38,1,Relax,0
38,1,Relax,0
38,1,Relax,0
38,1,Relax,0
38,1,Relax,0
38,1,Relax,0
38,1,Relax,0
38,1,Relax,0
38,2,Arithmetic,5
38,2,Arithmetic,5
38,2,Arithmetic,5
38,2,Arithmetic,5
38,2,Arithmetic,5
38,2,Arithmetic,5
38,2,Arithmetic,5
38,2,Arithmetic,5
38,2,Arithmetic,5
38,2,Arithmetic,5
38,2,Arithmetic,5
38,2,Arithmetic,5
38,2,Arithmetic,5
38,2,Arithmetic,5
38,2,Arithmetic,5
38,2,Arithmetic,5
38,2,Arithmetic,5
38,2,Arithmetic,5
38,2,Arithmetic,5
38,2,Arithmetic,5
38,2,Arithmetic,5
38,2,Arithmetic,5
38,2,Arithmetic,5
38,2,Arithmetic,5
38,2,Mirror,6
38,2,Mirror,6
38,2,Mirror,6
38,2,Mirror,6
38,2,Mirror,6
38,2,Mirror,6
38,2,Mirror,6
38,2,Mirror,6
38,2,Mirror,6
38,2,Mirror,6
38,2,Mirror,6
38,2,Mirror,6
38,2,Mirror,6
38,2,Mirror,6
38,2,Mirror,6
38,2,Mirror,6
38,2,Mirror,6
38,2,Mirror,6
38,2,Mirror,6
38,2,Mirror,6
38,2,Mirror,6
38,2,Mirror,6
38,2,Mirror,6
38,2,Mirror,6
38,2,Stroop,3
38,2,Stroop,3
38,2,Stroop,3
38,2,Stroop,3
38,2,Stroop,3
38,2,Stroop,3
38,2,Stroop,3
38,2,Stroop,3
38,2,Stroop,3
38,2,Stroop,3
38,2,Stroop,3
38,2,Stroop,3
38,2,Stroop,3
38,2,Stroop,3
38,2,Stroop,3
38,2,Stroop,3
38,2,Stroop,3
38,2,Stroop,3
38,2,Stroop,3
38,2,Stroop,3
38,2,Stroop,3
38,2,Stroop,3
38,2,Stroop,3
38,2,Stroop,3
38,2,Relax,0
38,2,Relax,0
38,2,Relax,0
38,2,Relax,0
38,2,Relax,0
38,2,Relax,0
38,2,Relax,0
38,2,Relax,0
38,2,Relax,0
38,2,Relax,0
38,2,Relax,0
38,2,Relax,0
38,2,Relax,0
38,2,Relax,0
38,2,Relax,0
38,2,Relax,0
38,2,Relax,0
38,2,Relax,0
38,2,Relax,0
38,2,Relax,0
38,2,Relax,0
38,2,Relax,0
38,2,Relax,0
38,2,Relax,0
38,3,Mirror,5
38,3,Mirror,5
38,3,Mirror,5
38,3,Mirror,5
38,3,Mirror,5
38,3,Mirror,5
38,3,Mirror,5
38,3,Mirror,5
38,3,Mirror,5
38,3,Mirror,5
38,3,Mirror,5
38,3,Mirror,5
38,3,Mirror,5
38,3,Mirror,5
38,3,Mirror,5
38,3,Mirror,5
38,3,Mirror,5
38,3,Mirror,5
38,3,Mirror,5
38,3,Mirror,5
38,3,Mirror,5
38,3,Mirror,5
38,3,Mirror,5
38,3,Mirror,5
38,3,Arithmetic,4
38,3,Arithmetic,4
38,3,Arithmetic,4
38,3,Arithmetic,4
38,3,Arithmetic,4
38,3,Arithmetic,4
38,3,Arithmetic,4
38,3,Arithmetic,4
38,3,Arithmetic,4
38,3,Arithmetic,4
38,3,Arithmetic,4
38,3,Arithmetic,4
38,3,Arithmetic,4
38,3,Arithmetic,4
38,3,Arithmetic,4
38,3,Arithmetic,4
38,3,Arithmetic,4
38,3,Arithmetic,4
38,3,Arithmetic,4
38,3,Arithmetic,4
38,3,Arithmetic,4
38,3,Arithmetic,4
38,3,Arithmetic,4
38,3,Arithmetic,4
38,3,Stroop,3
38,3,Stroop,3
38,3,Stroop,3
38,3,Stroop,3
38,3,Stroop,3
38,3,Stroop,3
38,3,Stroop,3
38,3,Stroop,3
38,3,Stroop,3
38,3,Stroop,3
38,3,Stroop,3
38,3,Stroop,3
38,3,Stroop,3
38,3,Stroop,3
38,3,Stroop,3
38,3,Stroop,3
38,3,Stroop,3
38,3,Stroop,3
38,3,Stroop,3
38,3,Stroop,3
38,3,Stroop,3
38,3,Stroop,3
38,3,Stroop,3
38,3,Stroop,3
38,3,Relax,0
38,3,Relax,0
38,3,Relax,0
38,3,Relax,0
38,3,Relax,0
38,3,Relax,0
38,3,Relax,0
38,3,Relax,0
38,3,Relax,0
38,3,Relax,0
38,3,Relax,0
38,3,Relax,0
38,3,Relax,0
38,3,Relax,0
38,3,Relax,0
38,3,Relax,0
38,3,Relax,0
38,3,Relax,0
38,3,Relax,0
38,3,Relax,0
38,3,Relax,0
38,3,Relax,0
38,3,Relax,0
38,3,Relax,0
39,1,Stroop,3
39,1,Stroop,3
39,1,Stroop,3
39,1,Stroop,3
39,1,Stroop,3
39,1,Stroop,3
39,1,Stroop,3
39,1,Stroop,3
39,1,Stroop,3
39,1,Stroop,3
39,1,Stroop,3
39,1,Stroop,3
39,1,Stroop,3
39,1,Stroop,3
39,1,Stroop,3
39,1,Stroop,3
39,1,Stroop,3
39,1,Stroop,3
39,1,Stroop,3
39,1,Stroop,3
39,1,Stroop,3
39,1,Stroop,3
39,1,Stroop,3
39,1,Stroop,3
39,1,Relax,0
39,1,Relax,0
39,1,Relax,0
39,1,Relax,0
39,1,Relax,0
39,1,Relax,0
39,1,Relax,0
39,1,Relax,0
39,1,Relax,0
39,1,Relax,0
39,1,Relax,0
39,1,Relax,0
39,1,Relax,0
39,1,Relax,0
39,1,Relax,0
39,1,Relax,0
39,1,Relax,0
39,1,Relax,0
39,1,Relax,0
39,1,Relax,0
39,1,Relax,0
39,1,Relax,0
39,1,Relax,0
39,1,Relax,0
39,1,Arithmetic,6
39,1,Arithmetic,6
39,1,Arithmetic,6
39,1,Arithmetic,6
39,1,Arithmetic,6
39,1,Arithmetic,6
39,1,Arithmetic,6
39,1,Arithmetic,6
39,1,Arithmetic,6
39,1,Arithmetic,6
39,1,Arithmetic,6
39,1,Arithmetic,6
39,1,Arithmetic,6
39,1,Arithmetic,6
39,1,Arithmetic,6
39,1,Arithmetic,6
39,1,Arithmetic,6
39,1,Arithmetic,6
39,1,Arithmetic,6
39,1,Arithmetic,6
39,1,Arithmetic,6
39,1,Arithmetic,6
39,1,Arithmetic,6
39,1,Arithmetic,6
39,1,Mirror,4
39,1,Mirror,4
39,1,Mirror,4
39,1,Mirror,4
39,1,Mirror,4
39,1,Mirror,4
39,1,Mirror,4
39,1,Mirror,4
39,1,Mirror,4
39,1,Mirror,4
39,1,Mirror,4
39,1,Mirror,4
39,1,Mirror,4
39,1,Mirror,4
39,1,Mirror,4
39,1,Mirror,4
39,1,Mirror,4
39,1,Mirror,4
39,1,Mirror,4
39,1,Mirror,4
39,1,Mirror,4
39,1,Mirror,4
39,1,Mirror,4
39,1,Mirror,4
39,2,Stroop,3
39,2,Stroop,3
39,2,Stroop,3
39,2,Stroop,3
39,2,Stroop,3
39,2,Stroop,3
39,2,Stroop,3
39,2,Stroop,3
39,2,Stroop,3
39,2,Stroop,3
39,2,Stroop,3
39,2,Stroop,3
39,2,Stroop,3
39,2,Stroop,3
39,2,Stroop,3
39,2,Stroop,3
39,2,Stroop,3
39,2,Stroop,3
39,2,Stroop,3
39,2,Stroop,3
39,2,Stroop,3
39,2,Stroop,3
39,2,Stroop,3
39,2,Stroop,3
39,2,Relax,0
39,2,Relax,0
39,2,Relax,0
39,2,Relax,0
39,2,Relax,0
39,2,Relax,0
39,2,Relax,0
39,2,Relax,0
39,2,Relax,0
39,2,Relax,0
39,2,Relax,0
39,2,Relax,0
39,2,Relax,0
39,2,Relax,0
39,2,Relax,0
39,2,Relax,0
39,2,Relax,0
39,2,Relax,0
39,2,Relax,0
39,2,Relax,0
39,2,Relax,0
39,2,Relax,0
39,2,Relax,0
39,2,Relax,0
39,2,Arithmetic,5
39,2,Arithmetic,5
39,2,Arithmetic,5
39,2,Arithmetic,5
39,2,Arithmetic,5
39,2,Arithmetic,5
39,2,Arithmetic,5
39,2,Arithmetic,5
39,2,Arithmetic,5
39,2,Arithmetic,5
39,2,Arithmetic,5
39,2,Arithmetic,5
39,2,Arithmetic,5
39,2,Arithmetic,5
39,2,Arithmetic,5
39,2,Arithmetic,5
39,2,Arithmetic,5
39,2,Arithmetic,5
39,2,Arithmetic,5
39,2,Arithmetic,5
39,2,Arithmetic,5
39,2,Arithmetic,5
39,2,Arithmetic,5
39,2,Arithmetic,5
39,2,Mirror,5
39,2,Mirror,5
39,2,Mirror,5
39,2,Mirror,5
39,2,Mirror,5
39,2,Mirror,5
39,2,Mirror,5
39,2,Mirror,5
39,2,Mirror,5
39,2,Mirror,5
39,2,Mirror,5
39,2,Mirror,5
39,2,Mirror,5
39,2,Mirror,5
39,2,Mirror,5
39,2,Mirror,5
39,2,Mirror,5
39,2,Mirror,5
39,2,Mirror,5
39,2,Mirror,5
39,2,Mirror,5
39,2,Mirror,5
39,2,Mirror,5
39,2,Mirror,5
39,3,Stroop,5
39,3,Stroop,5
39,3,Stroop,5
39,3,Stroop,5
39,3,Stroop,5
39,3,Stroop,5
39,3,Stroop,5
39,3,Stroop,5
39,3,Stroop,5
39,3,Stroop,5
39,3,Stroop,5
39,3,Stroop,5
39,3,Stroop,5
39,3,Stroop,5
39,3,Stroop,5
39,3,Stroop,5
39,3,Stroop,5
39,3,Stroop,5
39,3,Stroop,5
39,3,Stroop,5
39,3,Stroop,5
39,3,Stroop,5
39,3,Stroop,5
39,3,Stroop,5
39,3,Relax,0
39,3,Relax,0
39,3,Relax,0
39,3,Relax,0
39,3,Relax,0
39,3,Relax,0
39,3,Relax,0
39,3,Relax,0
39,3,Relax,0
39,3,Relax,0
39,3,Relax,0
39,3,Relax,0
39,3,Relax,0
39,3,Relax,0
39,3,Relax,0
39,3,Relax,0
39,3,Relax,0
39,3,Relax,0
39,3,Relax,0
39,3,Relax,0
39,3,Relax,0
39,3,Relax,0
39,3,Relax,0
39,3,Relax,0
39,3,Mirror,3
39,3,Mirror,3
39,3,Mirror,3
39,3,Mirror,3
39,3,Mirror,3
39,3,Mirror,3
39,3,Mirror,3
39,3,Mirror,3
39,3,Mirror,3
39,3,Mirror,3
39,3,Mirror,3
39,3,Mirror,3
39,3,Mirror,3
39,3,Mirror,3
39,3,Mirror,3
39,3,Mirror,3
39,3,Mirror,3
39,3,Mirror,3
39,3,Mirror,3
39,3,Mirror,3
39,3,Mirror,3
39,3,Mirror,3
39,3,Mirror,3
39,3,Mirror,3
39,3,Arithmetic,6
39,3,Arithmetic,6
39,3,Arithmetic,6
39,3,Arithmetic,6
39,3,Arithmetic,6
39,3,Arithmetic,6
39,3,Arithmetic,6
39,3,Arithmetic,6
39,3,Arithmetic,6
39,3,Arithmetic,6
39,3,Arithmetic,6
39,3,Arithmetic,6
39,3,Arithmetic,6
39,3,Arithmetic,6
39,3,Arithmetic,6
39,3,Arithmetic,6
39,3,Arithmetic,6
39,3,Arithmetic,6
39,3,Arithmetic,6
39,3,Arithmetic,6
39,3,Arithmetic,6
39,3,Arithmetic,6
39,3,Arithmetic,6
39,3,Arithmetic,6
40,1,Relax,0
40,1,Relax,0
40,1,Relax,0
40,1,Relax,0
40,1,Relax,0
40,1,Relax,0
40,1,Relax,0
40,1,Relax,0
40,1,Relax,0
40,1,Relax,0
40,1,Relax,0
40,1,Relax,0
40,1,Relax,0
40,1,Relax,0
40,1,Relax,0
40,1,Relax,0
40,1,Relax,0
40,1,Relax,0
40,1,Relax,0
40,1,Relax,0
40,1,Relax,0
40,1,Relax,0
40,1,Relax,0
40,1,Relax,0
40,1,Stroop,5
40,1,Stroop,5
40,1,Stroop,5
40,1,Stroop,5
40,1,Stroop,5
40,1,Stroop,5
40,1,Stroop,5
40,1,Stroop,5
40,1,Stroop,5
40,1,Stroop,5
40,1,Stroop,5
40,1,Stroop,5
40,1,Stroop,5
40,1,Stroop,5
40,1,Stroop,5
40,1,Stroop,5
40,1,Stroop,5
40,1,Stroop,5
40,1,Stroop,5
40,1,Stroop,5
40,1,Stroop,5
40,1,Stroop,5
40,1,Stroop,5
40,1,Stroop,5
40,1,Arithmetic,3
40,1,Arithmetic,3
40,1,Arithmetic,3
40,1,Arithmetic,3
40,1,Arithmetic,3
40,1,Arithmetic,3
40,1,Arithmetic,3
40,1,Arithmetic,3
40,1,Arithmetic,3
40,1,Arithmetic,3
40,1,Arithmetic,3
40,1,Arithmetic,3
40,1,Arithmetic,3
40,1,Arithmetic,3
40,1,Arithmetic,3
40,1,Arithmetic,3
40,1,Arithmetic,3
40,1,Arithmetic,3
40,1,Arithmetic,3
40,1,Arithmetic,3
40,1,Arithmetic,3
40,1,Arithmetic,3
40,1,Arithmetic,3
40,1,Arithmetic,3
40,1,Mirror,5
40,1,Mirror,5
40,1,Mirror,5
40,1,Mirror,5
40,1,Mirror,5
40,1,Mirror,5
40,1,Mirror,5
40,1,Mirror,5
40,1,Mirror,5
40,1,Mirror,5
40,1,Mirror,5
40,1,Mirror,5
40,1,Mirror,5
40,1,Mirror,5
40,1,Mirror,5
40,1,Mirror,5
40,1,Mirror,5
40,1,Mirror,5
40,1,Mirror,5
40,1,Mirror,5
40,1,Mirror,5
40,1,Mirror,5
40,1,Mirror,5
40,1,Mirror,5
40,2,Relax,0
40,2,Relax,0
40,2,Relax,0
40,2,Relax,0
40,2,Relax,0
40,2,Relax,0
40,2,Relax,0
40,2,Relax,0
40,2,Relax,0
40,2,Relax,0
40,2,Relax,0
40,2,Relax,0
40,2,Relax,0
40,2,Relax,0
40,2,Relax,0
40,2,Relax,0
40,2,Relax,0
40,2,Relax,0
40,2,Relax,0
40,2,Relax,0
40,2,Relax,0
40,2,Relax,0
40,2,Relax,0
40,2,Relax,0
40,2,Stroop,5
40,2,Stroop,5
40,2,Stroop,5
40,2,Stroop,5
40,2,Stroop,5
40,2,Stroop,5
40,2,Stroop,5
40,2,Stroop,5
40,2,Stroop,5
40,2,Stroop,5
40,2,Stroop,5
40,2,Stroop,5
40,2,Stroop,5
40,2,Stroop,5
40,2,Stroop,5
40,2,Stroop,5
40,2,Stroop,5
40,2,Stroop,5
40,2,Stroop,5
40,2,Stroop,5
40,2,Stroop,5
40,2,Stroop,5
40,2,Stroop,5
40,2,Stroop,5
40,2,Arithmetic,4
40,2,Arithmetic,4
40,2,Arithmetic,4
40,2,Arithmetic,4
40,2,Arithmetic,4
40,2,Arithmetic,4
40,2,Arithmetic,4
40,2,Arithmetic,4
40,2,Arithmetic,4
40,2,Arithmetic,4
40,2,Arithmetic,4
40,2,Arithmetic,4
40,2,Arithmetic,4
40,2,Arithmetic,4
40,2,Arithmetic,4
40,2,Arithmetic,4
40,2,Arithmetic,4
40,2,Arithmetic,4
40,2,Arithmetic,4
40,2,Arithmetic,4
40,2,Arithmetic,4
40,2,Arithmetic,4
40,2,Arithmetic,4
40,2,Arithmetic,4
40,2,Mirror,6
40,2,Mirror,6
40,2,Mirror,6
40,2,Mirror,6
40,2,Mirror,6
40,2,Mirror,6
40,2,Mirror,6
40,2,Mirror,6
40,2,Mirror,6
40,2,Mirror,6
40,2,Mirror,6
40,2,Mirror,6
40,2,Mirror,6
40,2,Mirror,6
40,2,Mirror,6
40,2,Mirror,6
40,2,Mirror,6
40,2,Mirror,6
40,2,Mirror,6
40,2,Mirror,6
40,2,Mirror,6
40,2,Mirror,6
40,2,Mirror,6
40,2,Mirror,6
40,3,Relax,0
40,3,Relax,0
40,3,Relax,0
40,3,Relax,0
40,3,Relax,0
40,3,Relax,0
40,3,Relax,0
40,3,Relax,0
40,3,Relax,0
40,3,Relax,0
40,3,Relax,0
40,3,Relax,0
40,3,Relax,0
40,3,Relax,0
40,3,Relax,0
40,3,Relax,0
40,3,Relax,0
40,3,Relax,0
40,3,Relax,0
40,3,Relax,0
40,3,Relax,0
40,3,Relax,0
40,3,Relax,0
40,3,Relax,0
40,3,Stroop,3
40,3,Stroop,3
40,3,Stroop,3
40,3,Stroop,3
40,3,Stroop,3
40,3,Stroop,3
40,3,Stroop,3
40,3,Stroop,3
40,3,Stroop,3
40,3,Stroop,3
40,3,Stroop,3
40,3,Stroop,3
40,3,Stroop,3
40,3,Stroop,3
40,3,Stroop,3
40,3,Stroop,3
40,3,Stroop,3
40,3,Stroop,3
40,3,Stroop,3
40,3,Stroop,3
40,3,Stroop,3
40,3,Stroop,3
40,3,Stroop,3
40,3,Stroop,3
40,3,Mirror,4
40,3,Mirror,4
40,3,Mirror,4
40,3,Mirror,4
40,3,Mirror,4
40,3,Mirror,4
40,3,Mirror,4
40,3,Mirror,4
40,3,Mirror,4
40,3,Mirror,4
40,3,Mirror,4
40,3,Mirror,4
40,3,Mirror,4
40,3,Mirror,4
40,3,Mirror,4
40,3,Mirror,4
40,3,Mirror,4
40,3,Mirror,4
40,3,Mirror,4
40,3,Mirror,4
40,3,Mirror,4
40,3,Mirror,4
40,3,Mirror,4
40,3,Mirror,4
40,3,Arithmetic,4
40,3,Arithmetic,4
40,3,Arithmetic,4
40,3,Arithmetic,4
40,3,Arithmetic,4
40,3,Arithmetic,4
40,3,Arithmetic,4
40,3,Arithmetic,4
40,3,Arithmetic,4
40,3,Arithmetic,4
40,3,Arithmetic,4
40,3,Arithmetic,4
40,3,Arithmetic,4
40,3,Arithmetic,4
40,3,Arithmetic,4
40,3,Arithmetic,4
40,3,Arithmetic,4
40,3,Arithmetic,4
40,3,Arithmetic,4
40,3,Arithmetic,4
40,3,Arithmetic,4
40,3,Arithmetic,4
40,3,Arithmetic,4
40,3,Arithmetic,4
